"Restaurant_Id","Restaurant_Name","Cusines","Rating","Price_for_One","Location","Delivery_review_number","Delivery Time","Link"
"1","Leon's - Burgers &amp; Wings (Leon Grill)","American","4.2","300","Sanjay Nagar","5000","42","https://www.swiggy.com/restaurants/leons-burgers-and-wings-leon-grill-80-feet-road-sanjay-nagar-bangalore-48580"
"2","Biryani Pot","North Indian","3.9","250","Maruti Nagar","15000","34","https://www.swiggy.com/restaurants/biryani-pot-maruti-nagar-btm-layout-bangalore-428"
"3","Burger King","American","4.2","175","Shivaji Nagar","1000","32","https://www.swiggy.com/restaurants/burger-king-tasker-town-shivaji-nagar-bangalore-5938"
"4","Burger Seigneur","American","4.4","600","Shivaji Nagar","10000","38","https://www.swiggy.com/restaurants/burger-seigneur-st-marks-road-bangalore-354531"
"5","Sri Punjabi Dhaba","North Indian","3.1","150","Btm Layout","500","37","https://www.swiggy.com/restaurants/sri-punjabi-dhaba-cashier-layout-btm-layout-bangalore-94703"
"6","Hotel Empire","North Indian","4.2","225","Ashok Nagar","15000","37","https://www.swiggy.com/restaurants/hotel-empire-brigade-road-bangalore-30531"
"7","Pizza Hut","Continental","3.6","150","Indiranagar","5000","34","https://www.swiggy.com/restaurants/pizza-hut-cmh-road-Indiranagar-bangalore-10584"
"8","Royal Restaurant","Tibetan","3.9","150","Shivaji Nagar","1000","36","https://www.swiggy.com/restaurants/royal-restaurant-sulthangunta-Shivaji Nagar-bangalore-210945"
"9","Imperio Restaurant","Tibetan","4.0","150","Hoysala Nagar","10000","38","https://www.swiggy.com/restaurants/imperio-restaurant-1st-block-hrbr-layout-bangalore-70161"
"10","Shanghai House","Tibetan","4.0","200","Rt Nagar","500","35","https://www.swiggy.com/restaurants/shanghai-house-bairasandra-r-t-nagar-bangalore-254049"
"11","Meghana Foods","Tibetan","4.5","250","Ashok Nagar","15000","36","https://www.swiggy.com/restaurants/meghana-foods-residency-road-ashok-nagar-bangalore-3241"
"12","New Taj Darbar","Tibetan","3.5","150","Shivaji Nagar","5000","46","https://www.swiggy.com/restaurants/new-taj-darbar-saint-marys-church-road-Shivaji Nagar-bangalore-196047"
"13","NOTO - Healthy Continental Cream","Continental","4.4","125","Koramangala","10000","30","https://www.swiggy.com/restaurants/noto-healthy-Continental-cream-ejipura-Koramangala-bangalore-408386"
"14","IFC","American","4.1","125","Kalyan Nagar","1000","26","https://www.swiggy.com/restaurants/ifc-hrbr-layout-kalyan-nagar-bangalore-335220"
"15","Chopstick","North Indian","4.0","175","Rt Nagar","15000","37","https://www.swiggy.com/restaurants/chopstick-armane-nagar-r-t-nagar-bangalore-312849"
"16","Rotti Walla","North Indian","4.0","100","Indiranagar","500","39","https://www.swiggy.com/restaurants/rotti-walla-appareddy-palya-Indiranagar-bangalore-48581"
"17","Biryani &amp; Bowls","North Indian","3.6","175","M.S.R Nagar","5000","42","https://www.swiggy.com/restaurants/biryani-and-bowls-ms-ramaiah-nagar-new-bel-road-bangalore-405636"
"18","Le MoMo","Tibetan","3.9","75","Shivaji Nagar","10000","28","https://www.swiggy.com/restaurants/le-momo-kge-layout-sahakara-nagar-bangalore-334501"
"19","NEW Mahesh friends food center","North Indian","3.2","100","Btm Layout","500","34","https://www.swiggy.com/restaurants/new-mahesh-friends-food-center-2nd-stage-btm-layout-bangalore-71042"
"20","Chicking","American","3.9","200","Banashankari","15000","28","https://www.swiggy.com/restaurants/chicking-3rd-stage-banashankari-bangalore-352907"
"21","Rollsking","North Indian","4.0","150","Koramangala","10000","32","https://www.swiggy.com/restaurants/rollsking-5th-block-Koramangala-bangalore-580691"
"22","Onesta","Italian","3.9","100","Indiranagar","5000","32","https://www.swiggy.com/restaurants/onesta-cmh-road-Indiranagar-bangalore-401186"
"23","Madeena Hotel","American","4.1","125","Koramangala","1000","24","https://www.swiggy.com/restaurants/madeena-hotel-5th-block-Koramangala-bangalore-63957"
"24","KFC","American","3.6","200","Vasanth Nagar","500","31","https://www.swiggy.com/restaurants/kfc-cunnigham-road-vasanth-nagar-bangalore-347868"
"25","Kabab King","North Indian","3.4","125","Banashankari","15000","28","https://www.swiggy.com/restaurants/kabab-king-2nd-stage-banashankari-bangalore-187970"
"26","Hamza hotel","Continental","4.2","150","Shivaji Nagar","5000","25","https://www.swiggy.com/restaurants/hamza-hotel-hkp-road-Shivaji Nagar-bangalore-34269"
"27","Donne Biryani Adda","North Indian","3.1","100","Indiranagar","10000","28","https://www.swiggy.com/restaurants/donne-biryani-adda-appareddy-palya-Indiranagar-bangalore-170539"
"28","Imperio JuContinental and Continental creams","Desserts","4.1","125","Hoysala Nagar","1000","25","https://www.swiggy.com/restaurants/imperio-juContinental-and-Continental-creams-1st-block-hrbr-layout-bangalore-288644"
"29","Lassi and JuContinental","Continental","3.9","75","Shivaji Nagar","500","41","https://www.swiggy.com/restaurants/lassi-and-juContinental-hkp-road-Shivaji Nagar-bangalore-195274"
"30","Five Star Chicken","North Indian","3.0","100","Rt Nagar","15000","28","https://www.swiggy.com/restaurants/five-star-chicken-kanakanagar-r-t-nagar-bangalore-174211"
"31","Sree Banashankari Donne Biryani","North Indian","3.8","125","Basaveshwara Nagar","5000","22","https://www.swiggy.com/restaurants/sree-banashankari-donne-biryani-2nd-block-basaveshwara-nagar-bangalore-485771"
"32","Sri Ram Bhojanalay","North Indian","3.8","250","Indiranagar","1000","32","https://www.swiggy.com/restaurants/sri-ram-bhojanalay-hal-2nd-stage-Indiranagar-bangalore-571337"
"33","Marwadi Chaat &amp; Tiffin ServContinentals Shanti nagar","Rajasthani","3.7","150","Sanjay Nagar","10000","34","https://www.swiggy.com/restaurants/marwadi-chaat-and-tiffin-servContinentals-shanti-nagar-lakshmi-road-shanthi-nagar-bangalore-132622"
"34","Smitha's Kitchen","North Indian","3.4","125","Basaveshwara Nagar","500","32","https://www.swiggy.com/restaurants/smithas-kitchen-kirloskar-colony-basaveshwara-nagar-bangalore-635047"
"35","Late Night","American","4.2","150","Btm Layout","15000","25","https://www.swiggy.com/restaurants/late-night-btm-bangalore-32780"
"36","Maharaja Military Canteen-Donne Biryani","South Indian","3.8","200","Banashankari","1000","31","https://www.swiggy.com/restaurants/maharaja-military-canteen-donne-biryani-2nd-stage-banashankari-bangalore-402907"
"37","The Bowl Company","Asian","4.3","150","Jp Nagar","5000","34","https://www.swiggy.com/restaurants/the-bowl-company-3rd-phase-jp-nagar-bangalore-36972"
"38","Om meals and paratha junction","Asian","3.9","250","Domlur","10000","37","https://www.swiggy.com/restaurants/om-meals-and-paratha-junction-hal-2nd-stage-domlur-bangalore-576839"
"39","Om Sai Ram Food Junction","Asian","3.8","250","Indiranagar","500","32","https://www.swiggy.com/restaurants/om-sai-ram-food-junction-hal-2nd-stage-Indiranagar-bangalore-570178"
"40","Dum Biryani Hub","Asian","3.5","225","Btm Layout","15000","29","https://www.swiggy.com/restaurants/dum-biryani-hub-tavarekere-btm-layout-bangalore-496423"
"41","Domino's Pizza","Continental","4.2","200","Rt Nagar","1000","30","https://www.swiggy.com/restaurants/dominos-pizza-rehinus-street-richmond-town-bangalore-23846"
"42","Wendy's Burgers","American","4.0","100","Basaveshwara Nagar","5000","36","https://www.swiggy.com/restaurants/wendys-burgers-3rd-stage-basaveshwar-nagar-bangalore-449276"
"43","Savoury Restaurant","Arabian","4.0","300","Btm Layout","10000","45","https://www.swiggy.com/restaurants/savoury-restaurant-1st-stage-btm-layout-bangalore-35186"
"44","Crispy Studio","American","4.3","200","Jp Nagar","500","31","https://www.swiggy.com/restaurants/crispy-studio-5th-phase-jp-nagar-bangalore-577017"
"45","Imperial Restaurant","Arabian","4.1","200","M.S.R Nagar","15000","34","https://www.swiggy.com/restaurants/imperial-restaurant-central-street-mg-road-bangalore-48556"
"46","Dairy Day Continental Creams","Desserts","3.8","100","Indiranagar","5000","38","https://www.swiggy.com/restaurants/dairy-day-Continental-creams-1st-stage-Indiranagar-bangalore-603204"
"47","Polar Bear Continental Cream Sundaes","Desserts","4.4","100","Koramangala","1000","35","https://www.swiggy.com/restaurants/polar-bear-Continental-cream-sundaes-6th-block-Koramangala-bangalore-8244"
"48","HUNGRAMA RESTAURANT","Asian","4.0","225","M.S.R Nagar","10000","40","https://www.swiggy.com/restaurants/hungrama-restaurant-ak-colony-mathikere-bangalore-535659"
"49","HFC Call Me Kabab","Asian","4.2","150","Hoysala Nagar","500","40","https://www.swiggy.com/restaurants/hfc-call-me-kabab-girias-rs-building-ilyas-nagar-100-feet-rin-jp-ng-road-bangalore-654841"
"50","TANDOORWAALA","Rajasthani","3.2","150","Koramangala","15000","33","https://www.swiggy.com/restaurants/tandoorwaala-5th-block-Koramangala-bangalore-438611"
"51","The Meals Junction","Asian","3.7","250","Indiranagar","5000","39","https://www.swiggy.com/restaurants/the-meals-junction-2nd-stage-Indiranagar-bangalore-574268"
"52","THE FRITTER COMPANY","Desserts","4.2","100","Btm Layout","10000","41","https://www.swiggy.com/restaurants/the-fritter-company-2nd-stage-btm-layout-bangalore-291456"
"53","7 Plates","Asian","4.1","225","Kalyan Nagar","1000","54","https://www.swiggy.com/restaurants/7-plates-2nd-block-hrbr-layout-kalyan-nagar-bangalore-37025"
"54","Sultan dum biryani","Asian","3.9","150","Indiranagar","15000","34","https://www.swiggy.com/restaurants/sultan-dum-biryani-1st-stage-Indiranagar-bangalore-440349"
"55","Vinny's","Continental","4.0","175","M.S.R Nagar","500","32","https://www.swiggy.com/restaurants/vinnys-new-bel-road-bangalore-24755"
"56","Meghduth Biryanis","Asian","3.9","200","Sanjay Nagar","5000","33","https://www.swiggy.com/restaurants/meghduth-biryanis-kge-layout-sanjay-nagar-bangalore-530040"
"57","Phoenix pizza","Continental","3.8","100","Jp Nagar","10000","32","https://www.swiggy.com/restaurants/phoenix-pizza-6th-phase-jp-nagar-bangalore-342567"
"58","Biryani Khazana","Asian","3.9","125","Indiranagar","500","36","https://www.swiggy.com/restaurants/biryani-khazana-1st-stage-Indiranagar-bangalore-115730"
"59","Tandoori Merchant","North Indian","4.1","50","Btm Layout","15000","26","https://www.swiggy.com/restaurants/tandoori-merchant-madiwala-btm-layout-bangalore-32729"
"60","Fresh Bites","North Indian","4.0","100","Indiranagar","10000","40","https://www.swiggy.com/restaurants/fresh-bites-appareddy-palya-Indiranagar-bangalore-18464"
"61","Kolkata Durbar","North Indian","3.9","150","Btm Layout","5000","36","https://www.swiggy.com/restaurants/kolkata-durbar-2nd-stage-btm-layout-bangalore-415463"
"62","Rajasthani Taj restaurant","North Indian","2.6","100","Btm Layout","1000","39","https://www.swiggy.com/restaurants/rajasthani-taj-restaurant-1st-stage-btm-layout-bangalore-353226"
"63","Oven Story Pizza","Continental","4.0","200","Indiranagar","500","42","https://www.swiggy.com/restaurants/oven-story-pizza-hoysala-nagar-Indiranagar-bangalore-23102"
"64","The Belgian Waffle Co.","Desserts","4.3","100","Jayanagar","15000","36","https://www.swiggy.com/restaurants/the-belgian-waffle-co-4th-block-jayanagar-bangalore-94009"
"65","Olio - The Wood Fired Pizzeria","Continental","4.0","150","Indiranagar","5000","33","https://www.swiggy.com/restaurants/olio-the-wood-fired-pizzeria-cmh-road-Indiranagar-bangalore-531381"
"66","89 Express Dhaba","North Indian","3.5","445","Btm Layout","10000","33","https://www.swiggy.com/restaurants/89-express-dhaba-1st-stage-btm-layout-bangalore-218496"
"67","Momoz","North Indian","4.0","175","Rt Nagar","1000","34","https://www.swiggy.com/restaurants/momoz-Ganganagar-bangalore-314691"
"68","Biryani Mount","North Indian","3.9","200","Kalyan Nagar","15000","38","https://www.swiggy.com/restaurants/biryani-mount-hrbr-layout-kalyan-nagar-bangalore-335221"
"69","MAFUQ BIRYANI","North Indian","4.0","150","Btm Layout","500","37","https://www.swiggy.com/restaurants/mafuq-biryani-1st-stage-btm-layout-bangalore-436179"
"70","WarmOven Cake &amp; Desserts","Desserts","4.2","100","Indiranagar","5000","25","https://www.swiggy.com/restaurants/warmoven-cake-and-desserts-2nd-stage-Indiranagar-bangalore-19386"
"71","Istah - The Mediterranean Way","Arabian","4.3","125","Koramangala","10000","36","https://www.swiggy.com/restaurants/istah-the-mediterranean-way-6th-block-Koramangala-bangalore-293023"
"72","Coorg Spicy Kadai","South Indian","3.7","200","Hoysala Nagar","500","34","https://www.swiggy.com/restaurants/coorg-spicy-kadai-hennur-flyover-hbr-layout-bangalore-335382"
"73","Indori Poha","North Indian","4.1","100","Koramangala","15000","39","https://www.swiggy.com/restaurants/indori-poha-1st-block-Koramangala-bangalore-162807"
"74","Sharief Bhai","North Indian","4.1","200","Koramangala","1000","34","https://www.swiggy.com/restaurants/sharief-bhai-5th-block-Koramangala-bangalore-42060"
"75","The royal burgers","North Indian","3.9","100","M.S.R Nagar","5000","35","https://www.swiggy.com/restaurants/the-royal-burgers-msr-nagar-new-bel-road-bangalore-360031"
"76","Andhra Meals Express","North Indian","4.3","150","Hoysala Nagar","10000","30","https://www.swiggy.com/restaurants/andhra-meals-express-6th-sector-hsr-layout-bangalore-359881"
"77","Wow! China","Tibetan","3.9","150","Hoysala Nagar","500","45","https://www.swiggy.com/restaurants/wow-china-5th-sector-hsr-layout-bangalore-248787"
"78","Lucknow Express","North Indian","3.8","50","Indiranagar","15000","33","https://www.swiggy.com/restaurants/lucknow-express-hal-2nd-stage-Indiranagar-bangalore-574255"
"79","Le Arabia Restaurant","Arabian","3.8","200","Koramangala","5000","30","https://www.swiggy.com/restaurants/le-arabia-restaurant-Koramangala-bangalore-429712"
"80","METRO FOOD","North Indian","2.4","322","Jp Nagar","1000","32","https://www.swiggy.com/restaurants/metro-food-1st-phase-j-p-nagar-bangalore-613284"
"81","BURGER ZONE","North Indian","4.0","75","M.S.R Nagar","10000","32","https://www.swiggy.com/restaurants/burger-zone-msr-collage-road-mathikere-bangalore-320710"
"82","Ember &amp; Frost","North Indian","3.8","175","Koramangala","500","33","https://www.swiggy.com/restaurants/ember-and-frost-jyoti-nivas-college-rd-Koramangala-bangalore-678320"
"83","Daily Chinese","North Indian","2.8","100","Btm Layout","15000","40","https://www.swiggy.com/restaurants/daily-chinese-1st-stage-btm-layout-bangalore-124023"
"84","LICIOUS PIZZA","Continental","4.0","150","Jp Nagar","1000","32","https://www.swiggy.com/restaurants/licious-pizza-9th-phase-jp-nagar-bangalore-503320"
"85","The Punjabi kitchen","North Indian","3.9","250","Indiranagar","5000","32","https://www.swiggy.com/restaurants/the-punjabi-kitchen-hal-2nd-stage-Indiranagar-bangalore-571338"
"86","Meat and Eat","North Indian","4.0","150","Indiranagar","10000","39","https://www.swiggy.com/restaurants/meat-and-eat-2nd-stage-Indiranagar-bangalore-5312"
"87","Malabar Cafe","Italian","3.6","174","Koramangala","500","38","https://www.swiggy.com/restaurants/malabar-cafe-7th-block-Koramangala-bangalore-303270"
"88","Foodism.in","North Indian","3.5","125","Btm Layout","15000","38","https://www.swiggy.com/restaurants/foodism-in-1st-stage-btm-layout-bangalore-414622"
"89","temperature","Desserts","4.0","200","Indiranagar","5000","35","https://www.swiggy.com/restaurants/temperature-hal-3rd-stage-Indiranagar-bangalore-562630"
"90","24/7 JUContinental N SNACKS HUB","Arabian","3.3","100","Koramangala","1000","26","https://www.swiggy.com/restaurants/24-7-juContinental-n-snacks-hub-5th-block-Koramangala-bangalore-475800"
"91","XO Belgian Waffle","Desserts","4.3","125","Koramangala","10000","33","https://www.swiggy.com/restaurants/xo-belgian-waffle-5th-block-Koramangala-bangalore-44462"
"92","Big Bowl (Big Bowl Company)","North Indian","3.8","125","Adugodi","15000","32","https://www.swiggy.com/restaurants/big-bowl-big-bowl-company-chikka-lakshmaiah-layout-adugodi-bangalore-392828"
"93","Chinese Trail","North Indian","4.0","175","Basaveshwara Nagar","500","37","https://www.swiggy.com/restaurants/chinese-trail-armane-nagar-r-t-nagar-bangalore-368635"
"94","TEXAS BURGERS","Arabian","4.0","200","Indiranagar","5000","39","https://www.swiggy.com/restaurants/texas-burgers-hal-3rd-stage-Indiranagar-bangalore-562625"
"95","Samosa Party","Arabian","4.3","75","Jp Nagar","10000","33","https://www.swiggy.com/restaurants/samosa-party-hal-3rd-stage-jeevan-bima-nagar-bangalore-23423"
"96","Sardarji Londonwaley","Tibetan","3.8","175","Koramangala","500","39","https://www.swiggy.com/restaurants/sardarji-londonwaley-7th-block-Koramangala-bangalore-61790"
"97","Swiss Cream - Continental Creams and More","Desserts","4.0","125","M.S.R Nagar","15000","36","https://www.swiggy.com/restaurants/swiss-cream-Continental-creams-and-more-pai-layout-old-madras-road-bangalore-50310"
"98","GFC Kebabs &amp; Biryani","North Indian","3.0","100","Indiranagar","1000","36","https://www.swiggy.com/restaurants/gfc-kebabs-and-biryani-appareddy-palya-Indiranagar-bangalore-581615"
"99","Al Taj","North Indian","3.6","100","Koramangala","5000","43","https://www.swiggy.com/restaurants/al-taj-5th-block-Koramangala-bangalore-371381"
"100","California Burrito","Mexican","4.4","125","Vasanth Nagar","10000","38","https://www.swiggy.com/restaurants/california-burrito-chandra-layout-vijayanagar-bangalore-532092"
"101","bihari express","Rajasthani","3.2","125","Btm Layout","500","31","https://www.swiggy.com/restaurants/bihari-express-1st-stage-btm-layout-bangalore-324439"
"102","Flavor's Season","North Indian","4.0","75","Jp Nagar","15000","32","https://www.swiggy.com/restaurants/flavors-season-5th-phase-jp-nagar-bangalore-453665"
"103","CakeZone","Desserts","4.3","100","Indiranagar","5000","41","https://www.swiggy.com/restaurants/cakezone-domlur-layout-Indiranagar-bangalore-29784"
"104","Royal Biryani Kitchen","North Indian","3.3","125","Btm Layout","1000","39","https://www.swiggy.com/restaurants/royal-biryani-kitchen-1st-stage-btm-layout-bangalore-415042"
"105","Bihar ki rasoi","Mexican","3.7","50","Indiranagar","10000","29","https://www.swiggy.com/restaurants/bihar-ki-rasoi-hal-2nd-stage-Indiranagar-bangalore-591223"
"106","The Biryani Life","North Indian","3.9","125","Indiranagar","500","36","https://www.swiggy.com/restaurants/the-biryani-life-hoysala-nagar-Indiranagar-bangalore-186074"
"107","Empire JuContinentals and Desserts","Desserts","3.3","100","Shivaji Nagar","15000","36","https://www.swiggy.com/restaurants/empire-juContinentals-and-desserts-infantry-road-Shivaji Nagar-bangalore-279731"
"108","Krispy Kreme","Desserts","4.6","85","Ashok Nagar","5000","41","https://www.swiggy.com/restaurants/krispy-kreme-vega-city-mall-bannerghatta-road-bangalore-50018"
"109","The Best Snacks Adda","South Indian","3.7","100","Vasanth Nagar","10000","33","https://www.swiggy.com/restaurants/the-best-snacks-adda-devasandra-layout-bangalore-390829"
"110","California burger village","Arabian","4.0","150","Btm Layout","1000","35","https://www.swiggy.com/restaurants/california-burger-village-2nd-stage-btm-layout-bangalore-616762"
"111","The Dessert Zone","Desserts","4.2","100","Indiranagar","15000","38","https://www.swiggy.com/restaurants/the-dessert-zone-2nd-stage-Indiranagar-bangalore-238565"
"112","Kwality Walls Frozen Dessert and Continental Cream Shop","Desserts","3.9","100","Jp Nagar","500","35","https://www.swiggy.com/restaurants/kwality-walls-frozen-dessert-and-Continental-cream-shop-shivanandanagara-jp-nagar-bangalore-667409"
"113","The Good Bowl","North Indian","4.1","200","Indiranagar","5000","39","https://www.swiggy.com/restaurants/the-good-bowl-stage-1-Indiranagar-bangalore-155401"
"114","Snacks Corner","North Indian","3.9","175","Indiranagar","10000","36","https://www.swiggy.com/restaurants/snacks-corner-kodihalli-Indiranagar-bangalore-328786"
"115","Faasos - Wraps &amp; Rolls","Arabian","4.1","100","Jayanagar","500","30","https://www.swiggy.com/restaurants/faasos-wraps-and-rolls-rashtriya-vidyalaya-rd-jayanagar-bangalore-93497"
"116","WEDEL FOOD","Arabian","3.8","100","Indiranagar","15000","30","https://www.swiggy.com/restaurants/wedel-food-kodihalli-Indiranagar-bangalore-423005"
"117","The Pastry Zone	","Desserts","4.2","225","Koramangala","1000","35","https://www.swiggy.com/restaurants/the-pastry-zone-7th-block-Koramangala-bangalore-640595"
"118","Crusto's - Cheese Burst Pizza","Continental","4.1","150","Indiranagar","5000","36","https://www.swiggy.com/restaurants/crustos-cheese-burst-pizza-cmh-road-Indiranagar-bangalore-531382"
"119","Asha Sweet Center","Desserts","4.4","125","Banashankari","10000","42","https://www.swiggy.com/restaurants/asha-sweet-center-manjunatha-complex-banashankari-bangalore-645266"
"120","Dragon's Kitchen","North Indian","3.8","150","Sanjay Nagar","500","39","https://www.swiggy.com/restaurants/dragons-kitchen-ms-ramaiah-nagar-sanjay-nagar-bangalore-530041"
"121","Backyard Burgers and Grill","Arabian","3.9","125","Indiranagar","15000","39","https://www.swiggy.com/restaurants/backyard-burgers-and-grill-defence-colony-Indiranagar-bangalore-3013"
"122","Biryani Blues","North Indian","4.3","200","Ashok Nagar","5000","38","https://www.swiggy.com/restaurants/biryani-blues-church-street-ashok-nagar-bangalore-439141"
"123","Hunger Saviour","North Indian","4.0","150","Maruti Nagar","1000","36","https://www.swiggy.com/restaurants/hunger-saviour-maruti-nagar-btm-layout-bangalore-582314"
"124","KOLKATA BIRYANI POINT","North Indian","3.5","175","Btm Layout","10000","40","https://www.swiggy.com/restaurants/kolkata-biryani-point-2nd-stage-btm-layout-bangalore-415469"
"125","Ghar Ki Rasoi","North Indian","3.8","150","Btm Layout","500","37","https://www.swiggy.com/restaurants/ghar-ki-rasoi-1st-stage-Indiranagar-bangalore-40100"
"126","The Kolkata Katiroll","North Indian","4.2","100","Indiranagar","15000","31","https://www.swiggy.com/restaurants/the-kolkata-katiroll-1st-stage-Indiranagar-bangalore-153876"
"127","Bombay Kulfi","Desserts","4.4","50","Jayanagar","1000","42","https://www.swiggy.com/restaurants/bombay-kulfi-4th-t-block-jayanagar-bangalore-418208"
"128","Behrouz Biryani","North Indian","4.2","250","Indiranagar","5000","40","https://www.swiggy.com/restaurants/behrouz-biryani-hoysala-nagar-Indiranagar-bangalore-15173"
"129","Samrat Donne Biriyani","North Indian","4.0","125","Basaveshwara Nagar","10000","50","https://www.swiggy.com/restaurants/samrat-donne-biriyani-2nd-main-rd-Basaveshwara Nagar-bangalore-662607"
"130","The Bangalore Creamery","Desserts","4.1","125","Indiranagar","500","34","https://www.swiggy.com/restaurants/the-bangalore-creamery-kodigehalli-Indiranagar-bangalore-303980"
"131","Midnight Eats","Continental","3.2","150","Shivaji Nagar","15000","41","https://www.swiggy.com/restaurants/midnight-eats-hkp-road-Shivaji Nagar-bangalore-206339"
"132","Nandhini Deluxe","North Indian","4.0","250","Koramangala","5000","31","https://www.swiggy.com/restaurants/nandhini-deluxe-5th-block-Koramangala-bangalore-166892"
"133","Coffee and Cream","Desserts","4.1","75","Rt Nagar","1000","32","https://www.swiggy.com/restaurants/coffee-and-cream-adi-kabir-ashram-main-rd-r-t-nagar-bangalore-659499"
"134","Baskin Robbins","Desserts","4.3","125","M.S.R Nagar","10000","35","https://www.swiggy.com/restaurants/baskin-robbins-mgehbs-layout-new-bel-road-bangalore-211887"
"135","Momo Zone - The Momo Company","North Indian","4.0","75","Indiranagar","500","30","https://www.swiggy.com/restaurants/momo-zone-the-momo-company-cmh-road-Indiranagar-bangalore-448216"
"136","What A Food","North Indian","4.0","150","Btm Layout","15000","36","https://www.swiggy.com/restaurants/what-a-food-basappa-layout-btm-layout-bangalore-356501"
"137","PUNJAB KITCHEN","North Indian","4.3","125","Btm Layout","5000","36","https://www.swiggy.com/restaurants/punjab-kitchen-2nd-stage-btm-bangalore-515983"
"138","Keventers - Milkshakes &amp; Desserts","Desserts","4.2","100","Rt Nagar","10000","32","https://www.swiggy.com/restaurants/keventers-milkshakes-and-desserts-west-of-chord-road-rajajinagar-bangalore-369460"
"139","Chai Corner","North Indian","3.9","100","Indiranagar","1000","40","https://www.swiggy.com/restaurants/chai-corner-kodihalli-Indiranagar-bangalore-343299"
"140","Sweet Bake - Cake &amp; Desserts","Desserts","4.5","75","Koramangala","15000","40","https://www.swiggy.com/restaurants/sweet-bake-cake-and-desserts-7th-block-Koramangala-bangalore-641704"
"141","Yumlane Pizza","Continental","3.9","150","Koramangala","500","32","https://www.swiggy.com/restaurants/yumlane-pizza-5th-block-Koramangala-bangalore-111524"
"142","LunchBox - Meals and Thalis","North Indian","4.1","100","Indiranagar","5000","34","https://www.swiggy.com/restaurants/lunchbox-meals-and-thalis-hoysala-nagar-Indiranagar-bangalore-62905"
"143","Karavali Family Restaurant","Tibetan","4.0","100","Ashok Nagar","10000","49","https://www.swiggy.com/restaurants/karavali-family-restaurant-residency-road-brigade-road-bangalore-421765"
"144","Gudbud","Desserts","4.4","150","Koramangala","500","29","https://www.swiggy.com/restaurants/gudbud-ejipura-Koramangala-bangalore-240148"
"145","The Biryani Life","North Indian","3.9","125","Hoysala Nagar","15000","29","https://www.swiggy.com/restaurants/the-biryani-life-hoysala-nagar-Indiranagar-bangalore-186074"
"146","Sree Banashankari Donne Biryani","North Indian","3.8","125","Basaveshwara Nagar","1000","28","https://www.swiggy.com/restaurants/sree-banashankari-donne-biryani-2nd-block-basaveshwara-nagar-bangalore-485771"
"147","The Khichadi Factory","North Indian","4.0","150","Indiranagar","5000","36","https://www.swiggy.com/restaurants/the-khichadi-factory-binnamangala-Indiranagar-bangalore-224603"
"148","Dawat Durbar","North Indian","3.3","100","Shivaji Nagar","10000","36","https://www.swiggy.com/restaurants/dawat-durbar-hkp-road-Shivaji Nagar-bangalore-553423"
"149","Food Adda","Arabian","3.9","125","Koramangala","500","35","https://www.swiggy.com/restaurants/food-adda-khb-colony-Koramangala-bangalore-507336"
"150","The Bangalore Creamery","Desserts","4.1","125","Indiranagar","15000","36","https://www.swiggy.com/restaurants/the-bangalore-creamery-kodigehalli-Indiranagar-bangalore-303980"
"151","Dum Biryani Hub","North Indian","3.5","225","Btm Layout","5000","40","https://www.swiggy.com/restaurants/dum-biryani-hub-tavarekere-btm-layout-bangalore-496423"
"152","Golden Globe Pizza","Continental","2.9","175","Jp Nagar","1000","41","https://www.swiggy.com/restaurants/golden-globe-pizza-9th-phase-jp-nagar-bangalore-534924"
"153","Sinful Desserts","Desserts","4.1","125","Domlur","10000","44","https://www.swiggy.com/restaurants/sinful-desserts-domlur-bangalore-303982"
"154","The Brownie Co.","Desserts","4.0","175","Indiranagar","500","37","https://www.swiggy.com/restaurants/the-brownie-co-kodigehalli-Indiranagar-bangalore-303981"
"155","Phulka","Rajasthani","3.6","50","Koramangala","15000","38","https://www.swiggy.com/restaurants/phulka-5th-block-Koramangala-bangalore-437208"
"156","Firangi Bake","Italian","3.9","200","Hoysala Nagar","1000","37","https://www.swiggy.com/restaurants/firangi-bake-hoysala-nagar-Indiranagar-bangalore-52153"
"157","CALCUTTA STREET","Asian","3.9","175","Btm Layout","5000","40","https://www.swiggy.com/restaurants/calcutta-street-2nd-stage-btm-layout-bangalore-414546"
"158","Hyderabadi Biryani Hub","Asian","3.1","125","Maruti Nagar","10000","41","https://www.swiggy.com/restaurants/hyderabadi-biryani-hub-maruthi-nagar-btm-bangalore-654965"
"159","The Handi Crust","Tibetan","4.2","175","Halasuru","500","41","https://www.swiggy.com/restaurants/the-handi-crust-lakshmama-layout-halasuru-bangalore-407831"
"160","The Dessert Heaven - Pure Veg","Desserts","4.6","100","Indiranagar","15000","32","https://www.swiggy.com/restaurants/the-dessert-heaven-pure-veg-2nd-stage-Indiranagar-bangalore-442789"
"161","Rajasthani Dhaba","Asian","3.8","100","Sanjay Nagar","5000","34","https://www.swiggy.com/restaurants/rajasthani-dhaba-lakshmi-road-shanthi-nagar-bangalore-334172"
"162","Delhi Dinner Darbar","Tibetan","4.1","150","M.S.R Nagar","1000","34","https://www.swiggy.com/restaurants/delhi-dinner-darbar-m-s-r-nagar-mathikere-bangalore-353607"
"163","Chai Point","Desserts","4.2","75","Rt Nagar","10000","38","https://www.swiggy.com/restaurants/chai-point-industrial-town-rajajinagar-bangalore-286574"
"164","Say Noodles","Asian","4.1","150","Shivaji Nagar","500","36","https://www.swiggy.com/restaurants/say-noodles-armane-nagar-bangalore-324316"
"165","Waffle Magic","Desserts","4.3","100","Indiranagar","15000","34","https://www.swiggy.com/restaurants/waffle-magic-3rd-stage-Indiranagar-bangalore-17632"
"166","The Celebration Cakes And Desserts","Desserts","4.2","75","Koramangala","5000","38","https://www.swiggy.com/restaurants/the-celebration-cakes-and-desserts-7th-block-Koramangala-bangalore-641632"
"167","Madurai Parotta House","South Indian","3.4","125","Btm Layout","10000","37","https://www.swiggy.com/restaurants/madurai-parotta-house-1st-stage-btm-layout-bangalore-445430"
"168","Banashankari Military Hotel","Asian","3.5","125","Hoysala Nagar","1000","33","https://www.swiggy.com/restaurants/banashankari-military-hotel-4th-block-hbr-layout-bangalore-335383"
"169","Mr. Chow","Asian","3.7","175","Koramangala","15000","36","https://www.swiggy.com/restaurants/mr-chow-4th-block-Koramangala-bangalore-566035"
"170","Shawarma on Wheels","Arabian","4.0","200","Indiranagar","500","40","https://www.swiggy.com/restaurants/shawarma-on-wheels-shirdi-sai-baba-mandir-rd-Indiranagar-bangalore-671305"
"171","Louis Burger","American","4.3","300","Koramangala","5000","42","https://www.swiggy.com/restaurants/louis-burger-6th-block-Koramangala-bangalore-506324"
"172","Firangi Bake","Italian","3.9","200","Indiranagar","10000","33","https://www.swiggy.com/restaurants/firangi-bake-hoysala-nagar-Indiranagar-bangalore-52153"
"173","Sweet Bake-Cake And Desserts","Desserts","4.2","75","Vasanth Nagar","500","38","https://www.swiggy.com/restaurants/sweet-bake-cake-and-desserts-devasandra-layout-bangalore-578637"
"174","The Snack Bar","Continental","3.0","125","Basaveshwara Nagar","15000","45","https://www.swiggy.com/restaurants/the-snack-bar-teachers-colony-basaveshwara-nagar-bangalore-630843"
"175","Falhari - A Fruitful Habit","Desserts","4.2","150","Vasanth Nagar","1000","44","https://www.swiggy.com/restaurants/falhari-a-fruitful-habit-sg-palya-tavarekere-bangalore-434918"
"176","Burger It Up","American","4.1","75","Indiranagar","5000","30","https://www.swiggy.com/restaurants/burger-it-up-2nd-stage-Indiranagar-bangalore-204351"
"177","Sinful Desserts","Desserts","4.1","125","Domlur","10000","39","https://www.swiggy.com/restaurants/sinful-desserts-domlur-bangalore-303982"
"178","Dum Burger","American","3.6","88","Koramangala","500","31","https://www.swiggy.com/restaurants/dum-burger-bosch-gate-Koramangala-bangalore-640857"
"179","ARS JUContinental JUNCTION","Desserts","4.1","100","Indiranagar","15000","47","https://www.swiggy.com/restaurants/ars-juContinental-junction-new-thipasandra-Indiranagar-bangalore-337745"
"180","Biryani Square","Asian","3.3","125","Btm Layout","5000","38","https://www.swiggy.com/restaurants/biryani-square-1st-stage-btm-layout-bangalore-548535"
"181","Punjabi Thandoor Dhaaba","South Indian","2.9","200","Hoysala Nagar","1000","37","https://www.swiggy.com/restaurants/punjabi-thandoor-dhaaba-3rd-block-hbr-layout-bangalore-382444"
"182","NORTH KA THADKA","Asian","4.3","150","Btm Layout","10000","40","https://www.swiggy.com/restaurants/north-ka-thadka-2nd-stage-btm-layout-bangalore-564812"
"183","Food Ford Kitchen","Rajasthani","4.0","100","Btm Layout","500","41","https://www.swiggy.com/restaurants/food-ford-kitchen-2nd-stage-btm-layout-bangalore-473807"
"184","Lassi Corner","Desserts","3.3","100","Koramangala","15000","38","https://www.swiggy.com/restaurants/lassi-corner-venkataswamy-layout-Koramangala-bangalore-252213"
"185","Punjabi Nawabi","North Indian","3.8","175","Koramangala","1000","33","https://www.swiggy.com/restaurants/punjabi-nawabi-7th-block-Koramangala-bangalore-61785"
"186","Rolls &amp; Bowls Company","Italian","3.8","125","Adugodi","5000","40","https://www.swiggy.com/restaurants/rolls-and-bowls-company-chikkalakshmaiah-layout-adugodi-bangalore-394229"
"187","Breakfast and snacks","North Indian","3.7","124","Maruti Nagar","10000","41","https://www.swiggy.com/restaurants/breakfast-and-snacks-maruti-nagar-btm-layout-bangalore-581373"
"188","Punjabi Bowl","Punjabi","4.2","150","Btm Layout","500","37","https://www.swiggy.com/restaurants/punjabi-bowl-1st-stage-btm-layout-bangalore-414627"
"189","Gobblers Rolls &amp; Bowls","Punjabi","3.8","150","Vasanth Nagar","15000","40","https://www.swiggy.com/restaurants/gobblers-rolls-and-bowls-sg-palya-tavarekere-bangalore-609969"
"190","BURGER  BABA","American","3.9","75","M.S.R Nagar","5000","40","https://www.swiggy.com/restaurants/burger-baba-2nd-stage-naidu-layout-bangalore-617543"
"191","Starbucks Coffee","Desserts","4.2","200","Jayanagar","1000","39","https://www.swiggy.com/restaurants/starbucks-coffee-4th-block-jayanagar-bangalore-70253"
"192","High N Hungry","American","4.0","175","M.S.R Nagar","10000","29","https://www.swiggy.com/restaurants/high-n-hungry-aayapa-swamy-temple-road-madiwala-bangalore-32730"
"193","No.10 Fort Cochin","Rajasthani","4.1","250","Indiranagar","500","40","https://www.swiggy.com/restaurants/no-10-fort-cochin-Indiranagar-bangalore-589412"
"194","The Momo Co.","Punjabi","4.0","125","Adugodi","15000","43","https://www.swiggy.com/restaurants/the-momo-co-chikkalakshmaiah-layout-adugodi-bangalore-393835"
"195","TASTE OF BIHAR","Tibetan","3.5","150","Btm Layout","5000","46","https://www.swiggy.com/restaurants/taste-of-bihar-2nd-stage-btm-layout-bangalore-281220"
"196","Al Safa Hyderabadi Biryani &amp; Kabab","Punjabi","4.0","175","Rt Nagar","10000","37","https://www.swiggy.com/restaurants/al-safa-hyderabadi-biryani-and-kabab-kanaka-nagar-rt-nagar-bangalore-531137"
"197","Imperio Combo King","Tibetan","4.3","125","Hoysala Nagar","1000","44","https://www.swiggy.com/restaurants/imperio-combo-king-1st-block-hrbr-layout-kalyan-nagar-bangalore-335155"
"198","Biryani Lovers Joint","Punjabi","3.7","175","M.S.R Nagar","15000","43","https://www.swiggy.com/restaurants/biryani-lovers-joint-m-s-r-nagar-mathikere-bangalore-398320"
"199","ViVidha Biryani Joint ","Rajasthani","3.8","175","M.S.R Nagar","500","33","https://www.swiggy.com/restaurants/vividha-biryani-joint-msr-nagar-yeshwantpur-bangalore-429201"
"200","Cake House","Desserts","3.6","125","Kalyan Nagar","5000","42","https://www.swiggy.com/restaurants/cake-house-hrbr-layout-kalyan-nagar-bangalore-538507"
"201","Crispy Crunchy Chick","Arabian","2.7","100","Koramangala","10000","30","https://www.swiggy.com/restaurants/crispy-crunchy-chick-5th-block-Koramangala-bangalore-459064"
"202","Shree Taaza Thindi","South Indian","3.7","75","Indiranagar","500","37","https://www.swiggy.com/restaurants/shree-taaza-thindi-appareddy-palya-Indiranagar-bangalore-92379"
"203","Sweet Truth - Cake and Desserts","Desserts","3.9","225","Indiranagar","15000","40","https://www.swiggy.com/restaurants/sweet-truth-cake-and-desserts-hoysala-nagar-Indiranagar-bangalore-35849"
"204","Oven Theory Pizza - OTP","Continental","4.1","75","Maruti Nagar","1000","51","https://www.swiggy.com/restaurants/oven-theory-pizza-otp-maruthi-nagar-btm-layout-bangalore-310548"
"205","Biryani Day","Punjabi","3.4","175","Koramangala","5000","38","https://www.swiggy.com/restaurants/biryani-day-jyoti-nivas-college-rd-Koramangala-bangalore-676039"
"206","Hyderabadi Mandi House","Punjabi","1.9","175","Rt Nagar","10000","41","https://www.swiggy.com/restaurants/hyderabadi-mandi-house-kanakanagar-rt-nagar-bangalore-511697"
"207","Indiana Burgers","American","4.2","75","Indiranagar","500","42","https://www.swiggy.com/restaurants/indiana-burgers-2nd-stage-Indiranagar-bangalore-59801"
"208","BRILLIANT BIRYANI","Punjabi","3.0","100","Kanaka Nagar","15000","45","https://www.swiggy.com/restaurants/brilliant-biryani-kanakanagar-nagawara-bangalore-512497"
"209","Shakeshack","Desserts","4.2","150","Domlur","5000","34","https://www.swiggy.com/restaurants/shakeshack-kodihalli-domlur-bangalore-168421"
"210","Arbabi","Punjabi","4.7","125","Btm Layout","5000","42","https://www.swiggy.com/restaurants/arbabi-madeshwara-nagar-btm-bangalore-681873"
"211","Chef all night","Punjabi","1.8","100","Maruti Nagar","15000","38","https://www.swiggy.com/restaurants/chef-all-night-maruti-nagar-btm-layout-bangalore-514110"
"212","Beyond The Crust - BTC","Desserts","3.9","125","Maruti Nagar","1000","40","https://www.swiggy.com/restaurants/beyond-the-crust-btc-maruti-nagar-btm-layout-bangalore-644617"
"213","Baking Bad  - Pizza Delivery","Continental","4.3","325","Indiranagar","10000","32","https://www.swiggy.com/restaurants/baking-bad-pizza-delivery-1st-stage-Indiranagar-bangalore-568703"
"214","Ambur Biriyani House","Punjabi","1.9","225","Kanaka Nagar","500","31","https://www.swiggy.com/restaurants/ambur-biriyani-house-kanakanagar-r-t-nagar-bangalore-515773"
"215","Dosa Camp","South Indian","2.4","100","Btm Layout","15000","35","https://www.swiggy.com/restaurants/dosa-camp-2nd-stage-btm-layout-bangalore-495680"
"216","Foodpecker","Punjabi","4.1","150","Koramangala","5000","37","https://www.swiggy.com/restaurants/foodpecker-1st-block-Koramangala-bangalore-342205"
"217","Peppy Parathas &amp; Rolls By Chai Point","Desserts","3.5","75","Rt Nagar","1000","35","https://www.swiggy.com/restaurants/peppy-parathas-and-rolls-by-chai-point-industrial-town-rajajinagar-bangalore-481844"
"218","VV Biryani","Punjabi","3.0","100","Btm Layout","10000","32","https://www.swiggy.com/restaurants/vv-biryani-madiwala-btm-bangalore-406055"
"219","Pure Veg Meals by Lunchbox","Punjabi","4.0","100","Indiranagar","500","37","https://www.swiggy.com/restaurants/pure-veg-meals-by-lunchbox-hoysala-nagar-Indiranagar-bangalore-263600"
"220","The Khichadi Factory","Punjabi","4.0","150","Indiranagar","15000","44","https://www.swiggy.com/restaurants/the-khichadi-factory-binnamangala-Indiranagar-bangalore-224603"
"221","Burmuda Biryani","Punjabi","3.1","125","Btm Layout","5000","41","https://www.swiggy.com/restaurants/burmuda-biryani-ns-palya-btm-layout-bangalore-487975"
"222","The Cheesecake Co","Desserts","3.9","200","Indiranagar","10000","38","https://www.swiggy.com/restaurants/the-cheesecake-co-kodihalli-Indiranagar-bangalore-410783"
"223","Cupcake Bliss Cake &amp; Desserts","Desserts","4.2","100","Indiranagar","1000","34","https://www.swiggy.com/restaurants/cupcake-bliss-cake-and-desserts-2nd-stage-Indiranagar-bangalore-60660"
"224","Ambur Biryani Town","Punjabi","4.0","250","Kanaka Nagar","15000","36","https://www.swiggy.com/restaurants/ambur-biryani-town-kanakanagar-nagavara-bangalore-513495"
"225","Chai Sutta Cafe","Desserts","4.1","150","Hoysala Nagar","500","37","https://www.swiggy.com/restaurants/chai-sutta-cafe-hrbr-layout-3rd-block-kalyan-nagar-bangalore-447948"
"226","CHINESE HUT","Punjabi","3.5","100","Koramangala","5000","34","https://www.swiggy.com/restaurants/chinese-hut-5th-block-Koramangala-bangalore-557842"
"227","Biryani leaf","Punjabi","3.4","150","Btm Layout","10000","38","https://www.swiggy.com/restaurants/biryani-leaf-1st-stage-btm-layout-bangalore-546530"
"228","Hungry Bird","Punjabi","4.0","125","Maruti Nagar","500","35","https://www.swiggy.com/restaurants/hungry-bird-maruti-nagar-btm-layout-bangalore-204777"
"229","Night Hawks","North Indian","3.4","100","Adugodi","15000","40","https://www.swiggy.com/restaurants/night-hawks-nanjappa-layout-adugodi-bangalore-537422"
"230","Samosa Singh","North Indian","4.0","75","Indiranagar","10000","41","https://www.swiggy.com/restaurants/samosa-singh-new-thipasandra-Indiranagar-bangalore-56786"
"231","TEXAS BURGERS","American","4.0","200","Indiranagar","5000","41","https://www.swiggy.com/restaurants/texas-burgers-hal-3rd-stage-Indiranagar-bangalore-562625"
"232","VV Biryani","North Indian","3.1","100","Btm Layout","1000","44","https://www.swiggy.com/restaurants/vv-biryani-madiwala-btm-bangalore-406055"
"233","Breakfast Junction","Punjabi","3.7","100","Jayanagar","500","46","https://www.swiggy.com/restaurants/breakfast-junction-shanthi-nagar-jayanagar-bangalore-390408"
"234","Delhi Kulfi &amp; Faluda","Desserts","3.5","100","Koramangala","15000","42","https://www.swiggy.com/restaurants/delhi-kulfi-and-faluda-khb-colony-Koramangala-bangalore-662443"
"235","Rolls World","Continental","2.8","150","Koramangala","5000","41","https://www.swiggy.com/restaurants/rolls-world-jakksandra-ext-Koramangala-bangalore-698894"
"236","The Indian Dhaba","North Indian","3.5","150","Btm Layout","10000","43","https://www.swiggy.com/restaurants/the-indian-dhaba-1st-stage-btm-layout-bangalore-432112"
"237","temperature","Desserts","4.0","200","Indiranagar","1000","37","https://www.swiggy.com/restaurants/temperature-hal-3rd-stage-Indiranagar-bangalore-562630"
"238","Samosa Theory","North Indian","4.4","50","Indiranagar","500","32","https://www.swiggy.com/restaurants/samosa-theory-new-thipasandra-Indiranagar-bangalore-630884"
"239","Madeena Aroma Biryani","North Indian","3.7","200","Btm Layout","15000","28","https://www.swiggy.com/restaurants/madeena-aroma-biryani-2nd-stage-btm-layout-bangalore-564815"
"240","Bodypower Cafe","Continental","4.2","225","Indiranagar","5000","35","https://www.swiggy.com/restaurants/bodypower-cafe-hoysala-nagar-Indiranagar-bangalore-684224"
"241","Chinese Bowl","North Indian","3.9","175","Banashankari","1000","42","https://www.swiggy.com/restaurants/chinese-bowl-dena-bank-colony-banashankari-bangalore-254050"
"242","Saleem Bawarchi","American","3.4","250","Kanaka Nagar","10000","37","https://www.swiggy.com/restaurants/saleem-bawarchi-kanakanagar-nagavara-bangalore-513515"
"243","Cafe Coffee Day","Desserts","4.2","150","Indiranagar","500","39","https://www.swiggy.com/restaurants/cafe-coffee-day-2nd-stage-Indiranagar-bangalore-7069"
"244","Ghee and Turmeric","American","4.2","250","Indiranagar","15000","30","https://www.swiggy.com/restaurants/ghee-and-turmeric-appareddy-palya-Indiranagar-bangalore-440945"
"245","Gully Foods","American","3.7","125","Koramangala","1000","42","https://www.swiggy.com/restaurants/gully-foods-8th-block-Koramangala-bangalore-206578"
"246","MAEDAH","Arabian","3.5","225","Koramangala","5000","35","https://www.swiggy.com/restaurants/maedah-8th-block-Koramangala-bangalore-246151"
"247","Crave Pandas","American","3.9","200","Sanjay Nagar","10000","40","https://www.swiggy.com/restaurants/crave-pandas-sarvagna-nagar-kammanahalli-kalyan-nagar-bangalore-634085"
"248","DILWALE RESTAURANT","North Indian","3.5","150","Shivaji Nagar","500","42","https://www.swiggy.com/restaurants/dilwale-restaurant-Shivaji Nagar-no-55-cockburn-road-central-bangalore-bangalore-318476"
"249","Thottathil Restaurant","South Indian","3.9","100","Maruti Nagar","15000","42","https://www.swiggy.com/restaurants/thottathil-restaurant-maruti-nagar-btm-layout-bangalore-40098"
"250","Samosa Singh","North Indian","4.0","75","Indiranagar","1000","42","https://www.swiggy.com/restaurants/samosa-singh-new-thipasandra-Indiranagar-bangalore-56786"
"251","NF Biryani House","North Indian","3.9","250","Kanaka Nagar","5000","42","https://www.swiggy.com/restaurants/nf-biryani-house-kanakanagar-nagavara-bangalore-513857"
"252","Chaayos Chai+Snacks=Relax","Desserts","4.3","125","Indiranagar","10000","51","https://www.swiggy.com/restaurants/chaayos-chai-snacks-relax-appareddy-palya-Indiranagar-bangalore-217505"
"253","Turkish Pasha","Arabian","3.8","200","Koramangala","500","41","https://www.swiggy.com/restaurants/turkish-pasha-khb-colony-Koramangala-bangalore-516003"
"254","Cafe Nature","Desserts","4.3","150","M.S.R Nagar","15000","41","https://www.swiggy.com/restaurants/cafe-nature-hal-3rd-stage-new-thippasandara-bangalore-313761"
"255","ADIL BIRYANI HOUSE","North Indian","3.8","100","Koramangala","5000","38","https://www.swiggy.com/restaurants/adil-biryani-house-5th-block-Koramangala-bangalore-557828"
"256","Sundae Everyday Continental Creams","Desserts","4.0","75","Indiranagar","1000","27","https://www.swiggy.com/restaurants/sundae-everyday-Continental-creams-2nd-stage-Indiranagar-bangalore-255188"
"257","Boom Boom Biryani","North Indian","3.4","250","Kanaka Nagar","10000","43","https://www.swiggy.com/restaurants/boom-boom-biryani-kanakanagar-nagavara-bangalore-513501"
"258","Singh Da Punjabi Dhaba","Punjabi","3.8","100","Koramangala","500","38","https://www.swiggy.com/restaurants/singh-da-punjabi-dhaba-7th-block-Koramangala-bangalore-382537"
"259","Fritz Haber Continental Creams","Desserts","4.0","150","Koramangala","15000","34","https://www.swiggy.com/restaurants/fritz-haber-Continental-creams-8th-block-Koramangala-bangalore-203828"
"260","Agarwal Ke Parathe","North Indian","3.6","125","Ashok Nagar","5000","42","https://www.swiggy.com/restaurants/agarwal-ke-parathe-thayappa-garden-bilekahalli-bangalore-49054"
"261","THE BROWNIE CIRCLES","Desserts","4.4","125","Indiranagar","10000","29","https://www.swiggy.com/restaurants/the-brownie-circles-80-feet-road-Indiranagar-bangalore-577976"
"262","Midnight Pizza And Food","Continental","3.9","100","Indiranagar","1000","43","https://www.swiggy.com/restaurants/midnight-pizza-and-food-1st-stage-Indiranagar-bangalore-151430"
"263","A1 Ambur Biryani Since 2012","North Indian","3.7","175","Rt Nagar","15000","46","https://www.swiggy.com/restaurants/a1-ambur-biryani-since-2012-kanaka-nagar-r-t-nagar-bangalore-518295"
"264","BIRYANI QUEST","North Indian","4.1","125","Sanjay Nagar","500","37","https://www.swiggy.com/restaurants/biryani-quest-sarvagna-nagar-kammanahalli-kalyan-nagar-bangalore-451579"
"265","Pizza Kingdom","Continental","4.0","150","Indiranagar","5000","38","https://www.swiggy.com/restaurants/pizza-kingdom-1st-stage-Indiranagar-bangalore-592278"
"266","Bhatinda Tandoor","Tibetan","3.5","175","Koramangala","10000","38","https://www.swiggy.com/restaurants/bhatinda-tandoor-jyoti-nivas-college-rd-Koramangala-bangalore-675954"
"267","Biryani @Rs.99 Only","Continental","3.3","150","Btm Layout","500","37","https://www.swiggy.com/restaurants/biryani-rs-99-only-keb-colony-btm-layout-bangalore-340460"
"268","Pasta House","Rajasthani","4.1","150","Btm Layout","15000","39","https://www.swiggy.com/restaurants/pasta-house-chikka-madivala-btm-bangalore-682723"
"269","Golden Globe Pizza","Continental","3.2","175","Jp Nagar","10000","33","https://www.swiggy.com/restaurants/golden-globe-pizza-9th-phase-jp-nagar-bangalore-534924"
"270","Biryani On Way","North Indian","3.4","125","Btm Layout","5000","29","https://www.swiggy.com/restaurants/biryani-on-way-1st-stage-btm-layout-bangalore-546130"
"271","Kingsway restaurant","North Indian","3.4","125","Shivaji Nagar","1000","39","https://www.swiggy.com/restaurants/kingsway-restaurant-hkp-road-Shivaji Nagar-bangalore-219257"
"272","Little Owl Chinese","Italian","3.1","100","Sanjay Nagar","500","37","https://www.swiggy.com/restaurants/little-owl-chinese-msr-nagar-sanjay-nagar-new-bel-road-bangalore-656367"
"273","North Indian spContinental","North Indian","3.4","100","Indiranagar","15000","39","https://www.swiggy.com/restaurants/north-indian-spContinental-1st-stage-Indiranagar-bangalore-151155"
"274","PC Biryani Joint","Rajasthani","3.8","175","Vasanth Nagar","5000","31","https://www.swiggy.com/restaurants/pc-biryani-joint-pipeline-road-yeshwantpur-bangalore-429119"
"275","Continentalberg Organic Continentalcreams","Rajasthani","4.1","100","Vasanth Nagar","10000","46","https://www.swiggy.com/restaurants/Continentalberg-organic-Continentalcreams-cunnigham-road-vasanth-nagar-bangalore-414593"
"276","China Town","North Indian","4.0","150","Rt Nagar","1000","39","https://www.swiggy.com/restaurants/china-town-rt-nagar-r-t-nagar-bangalore-698933"
"277","Insta cafe","Desserts","3.1","100","Koramangala","15000","40","https://www.swiggy.com/restaurants/insta-cafe-wipro-park-Koramangala-bangalore-682518"
"278","CHIP N DIP","North Indian","3.6","100","Koramangala","500","38","https://www.swiggy.com/restaurants/chip-n-dip-5th-block-Koramangala-bangalore-557823"
"279","Madurai Tiffin House","Rajasthani","1.9","150","Btm Layout","5000","43","https://www.swiggy.com/restaurants/madurai-tiffin-house-1st-stage-btm-bangalore-296954"
"280","marwadi Tadka wala","Rajasthani","3.4","75","Btm Layout","10000","38","https://www.swiggy.com/restaurants/marwadi-tadka-wala-1st-stage-btm-layout-bangalore-381549"
"281","Pizza Castle","Continental","4.1","225","Jp Nagar","500","36","https://www.swiggy.com/restaurants/pizza-castle-9th-phase-jp-nagar-bangalore-540631"
"282","Joey's Pizza Express Delivery","Italian","3.9","125","Indiranagar","15000","39","https://www.swiggy.com/restaurants/joeys-pizza-express-delivery-2nd-stage-Indiranagar-bangalore-430620"
"283","Wok noodles","North Indian","4.0","150","Btm Layout","1000","37","https://www.swiggy.com/restaurants/wok-noodles-2nd-stage-btm-layout-bangalore-555143"
"284","High Ultra Express Pizza","Continental","4.5","100","Indiranagar","5000","40","https://www.swiggy.com/restaurants/high-ultra-express-pizza-2nd-stage-Indiranagar-bangalore-480488"
"285","Nadeem's Kitchen","North Indian","2.4","250","Kanaka Nagar","10000","36","https://www.swiggy.com/restaurants/nadeems-kitchen-kanaka-nagar-nagawara-bangalore-302789"
"286","Biryani Master","North Indian","3.9","175","Btm Layout","500","38","https://www.swiggy.com/restaurants/biryani-master-btm-bangalore-323186"
"287","Al Zahra Hyderabadi Biryani @99","North Indian","1.7","175","Kanaka Nagar","15000","35","https://www.swiggy.com/restaurants/al-zahra-hyderabadi-biryani-99-kanakanagar-hebbal-bangalore-510097"
"288","Desi Biryani Cafe","North Indian","3.8","150","Btm Layout","5000","39","https://www.swiggy.com/restaurants/desi-biryani-cafe-1st-stage-btm-layout-bangalore-464108"
"289","Social","North Indian","4.2","300","Ashok Nagar","1000","39","https://www.swiggy.com/restaurants/social-begur-hobli-bommanahalli-bangalore-320252"
"290","The Firewood Pizza","Italian","3.6","75","Ashok Nagar","10000","40","https://www.swiggy.com/restaurants/the-firewood-pizza-chikkadugodi-tavarekere-bangalore-331722"
"291","Nando's","Asian","4.2","175","Koramangala","500","27","https://www.swiggy.com/restaurants/nandos-7th-block-Koramangala-bangalore-510041"
"292","Deshi Fusion Pizza","Italian","4.0","250","Indiranagar","15000","41","https://www.swiggy.com/restaurants/deshi-fusion-pizza-1st-stage-Indiranagar-bangalore-17711"
"293","Wood Fire Pizza","Italian","3.5","200","Kammanahalli","1000","35","https://www.swiggy.com/restaurants/wood-fire-pizza-subbanna-palya-kammanahalli-bangalore-50710"
"294","Pabrai's Fresh And Naturelle Continental Cream","Desserts","4.3","125","Koramangala","5000","40","https://www.swiggy.com/restaurants/pabrais-fresh-and-naturelle-Continental-cream-5th-block-Koramangala-bangalore-655135"
"295","Fresh Bowls","North Indian","4.1","100","Indiranagar","10000","41","https://www.swiggy.com/restaurants/fresh-bowls-appareddy-palya-Indiranagar-bangalore-170536"
"296","Bite Me Cupcakes","Desserts","4.0","75","Domlur","500","39","https://www.swiggy.com/restaurants/bite-me-cupcakes-kodihalli-domlur-bangalore-505"
"297","GOWHEY- HEALTHY DESSERT COMPANY","Desserts","4.1","100","Btm Layout","15000","37","https://www.swiggy.com/restaurants/gowhey-healthy-dessert-company-keb-colony-btm-layout-bangalore-596078"
"298","Burger Man","American","4.3","200","Indiranagar","5000","38","https://www.swiggy.com/restaurants/burger-man-2nd-stage-Indiranagar-bangalore-500351"
"299","Nomad Pizza- Traveller Series","Continental","4.4","425","Indiranagar","1000","38","https://www.swiggy.com/restaurants/nomad-pizza-traveller-series-cmh-road-Indiranagar-bangalore-538467"
"300","Joe's Burgers and Shakes","North Indian","3.7","100","Koramangala","10000","38","https://www.swiggy.com/restaurants/joes-burgers-and-shakes-8th-block-Koramangala-bangalore-206569"
"301","Sweet Bake-Cake And Desserts","Desserts","4.2","75","Vasanth Nagar","15000","37","https://www.swiggy.com/restaurants/sweet-bake-cake-and-desserts-devasandra-layout-bangalore-578637"
"302","KO Fried Chicken","American","3.8","150","M.S.R Nagar","500","39","https://www.swiggy.com/restaurants/ko-fried-chicken-old-madiwala-btm-bangalore-678138"
"303","Nadeem's Kitchen","North Indian","2.4","250","Kanaka Nagar","5000","40","https://www.swiggy.com/restaurants/nadeems-kitchen-kanaka-nagar-nagawara-bangalore-302789"
"304","Chicking","American","3.9","200","Banashankari","10000","38","https://www.swiggy.com/restaurants/chicking-3rd-stage-banashankari-bangalore-352907"
"305","Marwadi Chaat &amp; Tiffin ServContinentals Shanti nagar","Rajasthani","3.7","150","Sanjay Nagar","500","37","https://www.swiggy.com/restaurants/marwadi-chaat-and-tiffin-servContinentals-shanti-nagar-lakshmi-road-shanthi-nagar-bangalore-132622"
"306","Imperio Restaurant","North Indian","4.0","150","Hoysala Nagar","15000","39","https://www.swiggy.com/restaurants/imperio-restaurant-1st-block-hrbr-layout-bangalore-70161"
"307","The Shake Stories","Desserts","3.1","125","Koramangala","1000","39","https://www.swiggy.com/restaurants/the-shake-stories-jyoti-nivas-college-rd-Koramangala-bangalore-668306"
"308","Ghar Ki Rasoi","North Indian","3.8","150","Indiranagar","5000","34","https://www.swiggy.com/restaurants/ghar-ki-rasoi-1st-stage-Indiranagar-bangalore-40100"
"309","New Taj Darbar","North Indian","3.5","150","Shivaji Nagar","10000","20","https://www.swiggy.com/restaurants/new-taj-darbar-saint-marys-church-road-Shivaji Nagar-bangalore-196047"
"310","Subway","Desserts","4.1","175","Koramangala","500","40","https://www.swiggy.com/restaurants/subway-1st-block-cna-Koramangala-bangalore-656392"
"311","Wingspot","Rajasthani","3.6","175","Koramangala","15000","36","https://www.swiggy.com/restaurants/wingspot-jyoti-nivas-college-rd-Koramangala-bangalore-668339"
"312","Chai Corner","North Indian","3.9","100","Indiranagar","5000","36","https://www.swiggy.com/restaurants/chai-corner-kodihalli-Indiranagar-bangalore-343299"
"313","Hot Burger Company","Desserts","3.3","90","Koramangala","1000","40","https://www.swiggy.com/restaurants/hot-burger-company-khb-colony-Koramangala-bangalore-652758"
"314","Vp Biryani House","North Indian","3.0","200","Jp Nagar","10000","48","https://www.swiggy.com/restaurants/vp-biryani-house-marenahalli-jp-nagar-bangalore-662517"
"315","Chai Nagri","North Indian","3.8","150","Koramangala","500","43","https://www.swiggy.com/restaurants/chai-nagri-cauvery-colony-Koramangala-bangalore-330454"
"316","Coorg pork station","North Indian","3.7","200","Hoysala Nagar","15000","41","https://www.swiggy.com/restaurants/coorg-pork-station-3rd-block-hrbr-layout-kalyan-nagar-bangalore-377045"
"317","Chandni Chowk 2 Bangalore","North Indian","3.4","150","Btm Layout","5000","42","https://www.swiggy.com/restaurants/chandni-chowk-2-bangalore-1st-stage-btm-layout-bangalore-414620"
"318","Chole Bhature Street","Rajasthani","3.8","150","Indiranagar","10000","43","https://www.swiggy.com/restaurants/chole-bhature-street-1st-stage-Indiranagar-bangalore-602604"
"319","Rajsthani pure veg Restaurent","North Indian","2.0","150","Maruti Nagar","1000","35","https://www.swiggy.com/restaurants/rajsthani-pure-veg-restaurent-maruti-nagar-btm-layout-bangalore-595530"
"320","PIZZAAJ","Continental","3.8","75","Indiranagar","15000","41","https://www.swiggy.com/restaurants/pizzaaj-hal-2nd-stage-Indiranagar-bangalore-389687"
"321","Leaf Biryani","American","3.5","175","Koramangala","500","40","https://www.swiggy.com/restaurants/leaf-biryani-elite-building-Koramangala-bangalore-675986"
"322","Cakery and bready","American","3.0","150","Koramangala","5000","39","https://www.swiggy.com/restaurants/cakery-and-bready-jakkasandra-Koramangala-bangalore-402707"
"323","The Paratha Factory","American","3.9","150","Indiranagar","10000","39","https://www.swiggy.com/restaurants/the-paratha-factory-binnamangala-Indiranagar-bangalore-224564"
"324","Mandi Box","American","3.2","250","Kanaka Nagar","500","41","https://www.swiggy.com/restaurants/mandi-box-kanaka-nagar-nagawara-bangalore-515046"
"325","World Of Chinese","American","4.2","150","Indiranagar","15000","43","https://www.swiggy.com/restaurants/world-of-chinese-1st-stage-Indiranagar-bangalore-602557"
"326","Kabab Magic Roll","American","3.4","200","Vasanth Nagar","1000","45","https://www.swiggy.com/restaurants/kabab-magic-roll-vivek-nagar-richmond-road-bangalore-301056"
"327","Havmor Havfunn Continental cream","Desserts","4.3","200","Jayanagar","5000","41","https://www.swiggy.com/restaurants/havmor-havfunn-Continental-cream-4th-block-jayanagar-bangalore-60035"
"328","CAKE VILLAGE","Desserts","3.4","274","Btm Layout","10000","34","https://www.swiggy.com/restaurants/cake-village-1st-stage-btm-layout-bangalore-596498"
"329","Nomad - Vegetarian and Plant based Pizza Series","Italian","4.6","100","Indiranagar","500","42","https://www.swiggy.com/restaurants/nomad-vegetarian-and-plant-based-pizza-series-cmh-road-Indiranagar-bangalore-640349"
"330","REEZ RESTAURANT","American","4.3","150","Shivaji Nagar","15000","37","https://www.swiggy.com/restaurants/reez-restaurant-Shivaji Nagar-no-55-cockburn-road-central-bangalore-bangalore-318480"
"331","Veg Daawat by Behrouz","American","3.4","250","Indiranagar","5000","38","https://www.swiggy.com/restaurants/veg-daawat-by-behrouz-hoysala-nagar-Indiranagar-bangalore-574944"
"332","Saanvika Foods","American","3.4","75","Indiranagar","1000","45","https://www.swiggy.com/restaurants/saanvika-foods-sarvagna-nagar-Indiranagar-bangalore-652500"
"333","At D House Pizza","Continental","3.0","225","Hoysala Nagar","10000","36","https://www.swiggy.com/restaurants/at-d-house-pizza-6th-sector-hsr-layout-bangalore-589431"
"334","FRIES TO GO","North Indian","4.2","100","Koramangala","500","36","https://www.swiggy.com/restaurants/fries-to-go-5th-block-Koramangala-bangalore-557852"
"335","The Bowl Magic","North Indian","3.0","150","Indiranagar","15000","37","https://www.swiggy.com/restaurants/the-bowl-magic-new-tippasandra-Indiranagar-bangalore-426100"
"336","TIPSY CAFE","Desserts","3.4","125","Shivaji Nagar","1000","44","https://www.swiggy.com/restaurants/tipsy-cafe-Shivaji Nagar-no-55-cockburn-road-central-bangalore-bangalore-320678"
"337","City  Shanghai Center","North Indian","4.0","150","Indiranagar","5000","42","https://www.swiggy.com/restaurants/city-shanghai-center-new-thipasandra-Indiranagar-bangalore-339514"
"338","New Taj Dum Biryani","North Indian","2.8","200","Halasuru","10000","36","https://www.swiggy.com/restaurants/new-taj-dum-biryani-swami-vivekananda-road-halasuru-bangalore-486908"
"339","North East Food Station","Mexican","3.4","100","Btm Layout","500","39","https://www.swiggy.com/restaurants/north-east-food-station-32nd-main-rd-btm-bangalore-690687"
"340","Biryani Bhaijaan","North Indian","3.8","100","Indiranagar","15000","26","https://www.swiggy.com/restaurants/biryani-bhaijaan-new-thipasandra-Indiranagar-bangalore-339433"
"341","Ambur Biryani House","North Indian","3.1","175","Kanaka Nagar","5000","31","https://www.swiggy.com/restaurants/ambur-biryani-house-kanaka-nagar-nagawara-bangalore-518639"
"342","Mojito Hub","Mexican","3.2","175","M.S.R Nagar","1000","36","https://www.swiggy.com/restaurants/mojito-hub-msr-nagar-yeshwantpur-bangalore-429111"
"343","The Shake Company","Desserts","3.6","150","Btm Layout","10000","36","https://www.swiggy.com/restaurants/the-shake-company-1st-stage-btm-layout-bangalore-414901"
"344","Simon Burgers","American","4.5","200","Kammanahalli","500","48","https://www.swiggy.com/restaurants/simon-burgers-ramaiah-layout-kammanahalli-kalyan-nagar-bangalore-380945"
"345","Biryani Ki Dukaan","American","4.0","250","Kanaka Nagar","15000","44","https://www.swiggy.com/restaurants/biryani-ki-dukaan-kanaka-nagar-nagawara-bangalore-514844"
"346","Tasty Stuff","American","2.9","100","Koramangala","5000","47","https://www.swiggy.com/restaurants/tasty-stuff-8th-block-Koramangala-bangalore-206511"
"347","Frosty Frills","Desserts","4.0","50","Koramangala","10000","43","https://www.swiggy.com/restaurants/frosty-frills-5th-block-Koramangala-bangalore-510228"
"348","The Chocolate Heaven","Desserts","3.4","200","Kalyan Nagar","1000","39","https://www.swiggy.com/restaurants/the-chocolate-heaven-kacharakanahalli-kammanahalli-kalyan-nagar-bangalore-17064"
"349","Heaven's Cakes","Desserts","4.1","150","Kalyan Nagar","15000","41","https://www.swiggy.com/restaurants/heavens-cakes-kacharakanahalli-kammanahalli-kalyan-nagar-bangalore-369071"
"350","Chandni Chowk","American","3.3","75","Indiranagar","500","41","https://www.swiggy.com/restaurants/chandni-chowk-new-thipasandra-Indiranagar-bangalore-295869"
"351","Night Hawks","American","3.6","100","Adugodi","5000","44","https://www.swiggy.com/restaurants/night-hawks-nanjappa-layout-adugodi-bangalore-537422"
"352","Nirula's","Continental","4.0","250","Indiranagar","10000","43","https://www.swiggy.com/restaurants/nirulas-sarvagna-nagar-Indiranagar-bangalore-561987"
"353","Rolls Street","American","3.8","100","Indiranagar","500","37","https://www.swiggy.com/restaurants/rolls-street-thippasandra-Indiranagar-bangalore-339518"
"354","SUSAI'S HOME KITCHEN","South Indian","4.3","100","Indiranagar","15000","43","https://www.swiggy.com/restaurants/susais-home-kitchen-sarvagna-nagar-Indiranagar-bangalore-539703"
"355","Winners Pizza (Fresh Dough)","Continental","3.5","150","Dollars Colony","1000","39","https://www.swiggy.com/restaurants/winners-pizza-fresh-dough-dollars-colony-new-bel-road-bangalore-520814"
"356","Scooby Cookhouse","Continental","4.0","150","Btm Layout","5000","40","https://www.swiggy.com/restaurants/scooby-cookhouse-n-s-palya-btm-layout-bangalore-466821"
"357","Fresh crunch pizza","Continental","4.1","200","Indiranagar","10000","42","https://www.swiggy.com/restaurants/fresh-crunch-pizza-hal-2nd-stage-Indiranagar-bangalore-559737"
"358","Cheesecakes By CakeZone","Desserts","4.4","100","Indiranagar","500","44","https://www.swiggy.com/restaurants/cheesecakes-by-cakezone-domlur-layout-Indiranagar-bangalore-581477"
"359","Chats ki dukan","North Indian","2.8","100","Sanjay Nagar","15000","35","https://www.swiggy.com/restaurants/chats-ki-dukan-aecs-layout-sanjay-nagar-bangalore-557615"
"360","SLAY Coffee","Desserts","4.4","100","Indiranagar","5000","40","https://www.swiggy.com/restaurants/slay-coffee-hoysala-nagar-Indiranagar-bangalore-109348"
"361","Heaven In a Jar","Desserts","3.9","150","Indiranagar","1000","33","https://www.swiggy.com/restaurants/heaven-in-a-jar-kodigehalli-Indiranagar-bangalore-303445"
"362","Agarwal Pure Veg Restaurent","North Indian","2.0","150","Maruti Nagar","10000","37","https://www.swiggy.com/restaurants/agarwal-pure-veg-restaurent-maruti-nagar-btm-layout-bangalore-595518"
"363","Desi Chulha","South Indian","3.2","50","Indiranagar","500","32","https://www.swiggy.com/restaurants/desi-chulha-hal-2nd-stage-Indiranagar-bangalore-591327"
"364","Mc Crunchies","Mexican","4.1","100","Kalyan Nagar","15000","38","https://www.swiggy.com/restaurants/mc-crunchies-meganahalli-kalyan-nagar-bangalore-634064"
"365","FOOD FACTORY","Mexican","3.1","150","M.S.R Nagar","1000","33","https://www.swiggy.com/restaurants/food-factory-msr-nagar-new-bel-road-bangalore-253198"
"366","Continental Cafe and lassi shop","Desserts","4.1","100","Btm Layout","5000","34","https://www.swiggy.com/restaurants/Continental-cafe-and-lassi-shop-2nd-stage-btm-layout-bangalore-584575"
"367","A Tiny Kitchen","North Indian","4.2","150","Btm Layout","10000","50","https://www.swiggy.com/restaurants/a-tiny-kitchen-2nd-stage-btm-layout-bangalore-422071"
"368","Let's Celebrate","Desserts","3.4","250","Btm Layout","500","28","https://www.swiggy.com/restaurants/lets-celebrate-1st-stage-btm-layout-bangalore-448802"
"369","Gabagab Continental Creams","Desserts","2.8","100","Jayanagar","15000","47","https://www.swiggy.com/restaurants/gabagab-Continental-creams-4th-block-jayanagar-bangalore-593423"
"370","Biryani Central","Mexican","1.7","125","Btm Layout","5000","35","https://www.swiggy.com/restaurants/biryani-central-maruthi-nagar-btm-layout-bangalore-324440"
"371","BOSTON PIZZERIA","Continental","3.6","150","M.S.R Nagar","1000","36","https://www.swiggy.com/restaurants/boston-pizzeria-subbannaiah-palya-lingrajapuram-bangalore-423459"
"372","Mr Cakes","Desserts","3.8","150","Hoysala Nagar","10000","39","https://www.swiggy.com/restaurants/mr-cakes-2nd-block-hbr-layout-bangalore-477268"
"373","Artinci - Indulge Guilt Free!","Desserts","4.3","100","Hoysala Nagar","500","30","https://www.swiggy.com/restaurants/artinci-indulge-guilt-free-5th-sector-hsr-layout-bangalore-602588"
"374","Thalis, Bowls &amp; More","Italian","3.1","150","Btm Layout","15000","40","https://www.swiggy.com/restaurants/thalis-bowls-and-more-keb-colony-btm-layout-bangalore-414913"
"375","crunch pizza express delivery","Italian","4.2","150","Indiranagar","5000","50","https://www.swiggy.com/restaurants/crunch-pizza-express-delivery-hal-2nd-stage-Indiranagar-bangalore-417711"
"376","Phulka","Mexican","3.6","50","Koramangala","10000","47","https://www.swiggy.com/restaurants/phulka-5th-block-Koramangala-bangalore-437208"
"377","Apna Ghar","Punjabi","3.4","100","Jayanagar","1000","49","https://www.swiggy.com/restaurants/apna-ghar-lakshmisha-road-jayanagar-bangalore-405430"
"378","Stop Drop &amp; Rolls","North Indian","4.5","125","Halasuru","15000","34","https://www.swiggy.com/restaurants/stop-drop-and-rolls-lakshmamma-layout-halasuru-bangalore-624364"
"379","Hint Food","American","4.3","200","Kalyan Nagar","500","47","https://www.swiggy.com/restaurants/hint-food-kammanahalli-kalyan-nagar-bangalore-525817"
"380","Paratha Of Punjab","Desserts","4.8","150","Btm Layout","5000","46","https://www.swiggy.com/restaurants/paratha-of-punjab-manjunath-hp-gas-agency-btm-2-stage-bangalore-650683"
"381","Savera Cafe","North Indian","4.3","50","Shivaji Nagar","10000","38","https://www.swiggy.com/restaurants/savera-cafe-hkp-road-Shivaji Nagar-bangalore-382755"
"382","Foodx Restaurant","North Indian","4.3","250","Kammanahalli","500","32","https://www.swiggy.com/restaurants/foodx-restaurant-nehru-rd-kammanahalli-kalyan-nagar-bangalore-659532"
"383","Waffle Head","Desserts","4.2","150","Btm Layout","15000","46","https://www.swiggy.com/restaurants/waffle-head-1st-stage-btm-layout-bangalore-94692"
"384","Momos Mania","North Indian","3.8","75","Koramangala","1000","37","https://www.swiggy.com/restaurants/momos-mania-8th-block-Koramangala-bangalore-206535"
"385","Grill Factory","American","2.9","250","Rt Nagar","5000","30","https://www.swiggy.com/restaurants/grill-factory-mla-layout-r-t-nagar-bangalore-594759"
"386","Wonton House	","North Indian","4.0","175","Koramangala","10000","26","https://www.swiggy.com/restaurants/wonton-house-jyoti-nivas-college-rd-Koramangala-bangalore-676540"
"387","Fries Box","North Indian","3.2","125","Koramangala","500","46","https://www.swiggy.com/restaurants/fries-box-5th-block-Koramangala-bangalore-417374"
"388","Sharmaji'S Chole Bhature","North Indian","3.8","175","Jp Nagar","15000","34","https://www.swiggy.com/restaurants/sharmajis-chole-bhature-anniya-reddy-layout-jp-nagar-bangalore-683637"
"389","Homelike","Mexican","3.3","150","Btm Layout","5000","45","https://www.swiggy.com/restaurants/homelike-1st-stage-btm-layout-bangalore-414774"
"390","TIPSY LASSI SHOP","Desserts","3.7","125","Shivaji Nagar","1000","41","https://www.swiggy.com/restaurants/tipsy-lassi-shop-Shivaji Nagar-no-55-cockburn-road-central-bangalore-bangalore-320676"
"391","Gudbud Sundaes","Desserts","2.9","200","Jayanagar","10000","33","https://www.swiggy.com/restaurants/gudbud-sundaes-4th-block-jayanagar-bangalore-633068"
"392","Midnight hunger saviour","North Indian","1.9","100","Maruti Nagar","500","41","https://www.swiggy.com/restaurants/midnight-hunger-saviour-maruti-nagar-btm-layout-bangalore-496535"
"393","NNC DINE","North Indian","4.0","125","Indiranagar","15000","28","https://www.swiggy.com/restaurants/nnc-dine-kodihalli-Indiranagar-bangalore-515425"
"394","JUMBO SANDWICH","Continental","3.8","150","Btm Layout","1000","34","https://www.swiggy.com/restaurants/jumbo-sandwich-1st-stage-btm-layout-bangalore-337344"
"395","Bihar Babu","Punjabi","3.9","100","Sanjay Nagar","5000","36","https://www.swiggy.com/restaurants/bihar-babu-shanthi-nagar-basavanagudi-bangalore-405435"
"396","The Paramount Hotel","Mexican","3.8","150","Domlur","10000","38","https://www.swiggy.com/restaurants/the-paramount-hotel-domlur-bangalore-27752"
"397","Dr.Gelato","Desserts","4.4","150","Indiranagar","500","50","https://www.swiggy.com/restaurants/dr-gelato-lakhsmipuram-Indiranagar-bangalore-358613"
"398","Paratha House","North Indian","4.8","100","Sanjay Nagar","15000","46","https://www.swiggy.com/restaurants/paratha-house-lakshmi-road-shanti-nagar-bangalore-231794"
"399","Breakfast Junction","Punjabi","3.7","100","Jayanagar","5000","50","https://www.swiggy.com/restaurants/breakfast-junction-shanthi-nagar-jayanagar-bangalore-390408"
"400","Momo Ninja","Asian","4.1","150","Vasanth Nagar","1000","26","https://www.swiggy.com/restaurants/momo-ninja-sg-palya-tavarekere-bangalore-609961"
"401","New Chawla Chicken","North Indian","3.3","200","Btm Layout","10000","45","https://www.swiggy.com/restaurants/new-chawla-chicken-2nd-stage-btm-layout-bangalore-213595"
"402","Lord house burger","American","3.3","150","Btm Layout","500","45","https://www.swiggy.com/restaurants/lord-house-burger-ns-palya-btm-layout-bangalore-619810"
"403","Ambur 5 Star Biryani","American","1.9","175","Rt Nagar","15000","41","https://www.swiggy.com/restaurants/ambur-5-star-biryani-kanakanagar-rt-nagar-bangalore-520210"
"404","Andhra Spicy Kadai","American","3.9","150","Kammanahalli","5000","28","https://www.swiggy.com/restaurants/andhra-spicy-kadai-hennur-main-road-kammanahalli-kalyan-nagar-bangalore-684909"
"405","Harshas kitchen","South Indian","2.7","75","Basaveshwara Nagar","10000","49","https://www.swiggy.com/restaurants/harshas-kitchen-kurubarahalli-basaveshwara-nagar-bangalore-576800"
"406","Haagen Dazs","Desserts","4.0","300","Ashok Nagar","1000","37","https://www.swiggy.com/restaurants/haagen-dazs-church-street-bangalore-374351"
"407","Desi Chinese Center","American","4.1","150","Indiranagar","15000","42","https://www.swiggy.com/restaurants/desi-chinese-center-thippasandra-Indiranagar-bangalore-368671"
"408","Kebab-E-Ishq","North Indian","3.8","150","Btm Layout","500","49","https://www.swiggy.com/restaurants/kebab-e-ishq-old-madiwala-btm-bangalore-660575"
"409","Rana vada pav","Desserts","3.7","50","Btm Layout","5000","29","https://www.swiggy.com/restaurants/rana-vada-pav-2nd-stage-btm-layout-bangalore-110588"
"410","InChi","Asian","4.0","175","Koramangala","10000","37","https://www.swiggy.com/restaurants/inchi-4th-block-Koramangala-bangalore-601015"
"411","Raw food &amp; juContinental junction","Italian","4.4","150","Btm Layout","500","30","https://www.swiggy.com/restaurants/raw-food-and-juContinental-junction-2nd-stage-btm-layout-bangalore-289641"
"412","Momo Guy","Asian","3.7","100","Dollars Colony","15000","26","https://www.swiggy.com/restaurants/momo-guy-dollars-colony-new-bel-road-bangalore-520810"
"413","Continental CREAM SHOP","Desserts","3.3","150","Shivaji Nagar","1000","42","https://www.swiggy.com/restaurants/Continental-cream-shop-Shivaji Nagar-no-55-cockburn-road-central-bangalore-bangalore-318486"
"414","The Continentalcream Zone","Tibetan","3.7","150","Btm Layout","5000","28","https://www.swiggy.com/restaurants/the-Continentalcream-zone-1st-stage-btm-layout-bangalore-432014"
"415","Meal Square by Late Night","Desserts","4.1","150","Btm Layout","10000","46","https://www.swiggy.com/restaurants/meal-square-by-late-night-beliekalli-btm-bangalore-33045"
"416","Bhojnayala","Punjabi","3.7","100","Jayanagar","500","39","https://www.swiggy.com/restaurants/bhojnayala-lakshmi-road-jayanagar-bangalore-405432"
"417","Ekta s Ghar Ka Khana","North Indian","3.8","124","Btm Layout","15000","37","https://www.swiggy.com/restaurants/ekta-s-ghar-ka-khana-cashier-layout-btm-bangalore-685140"
"418","Green Dot Pizza","Continental","3.2","150","Dollars Colony","5000","44","https://www.swiggy.com/restaurants/green-dot-pizza-dollars-colony-new-bel-road-bangalore-641015"
"419","Saanvika Waffle House","Desserts","3.1","75","Indiranagar","5000","26","https://www.swiggy.com/restaurants/saanvika-waffle-house-cmh-road-Indiranagar-bangalore-652563"
"420","Navya's","North Indian","2.1","200","Btm Layout","15000","26","https://www.swiggy.com/restaurants/navyas-1st-stage-btm-layout-bangalore-40093"
"421","Samosa Platter","North Indian","3.7","200","Indiranagar","1000","28","https://www.swiggy.com/restaurants/samosa-platter-kodigehalli-Indiranagar-bangalore-538696"
"422","Mama Keto Craves","Tibetan","4.5","150","Rt Nagar","10000","34","https://www.swiggy.com/restaurants/mama-keto-craves-west-of-chord-road-rajajinagar-bangalore-435856"
"423","Click &amp; Orders","North Indian","3.8","50","Ashok Nagar","500","32","https://www.swiggy.com/restaurants/click-and-orders-begur-main-road-bommanahalli-bangalore-531271"
"424","Sandys Sandwiches","Desserts","4.1","125","M.S.R Nagar","15000","49","https://www.swiggy.com/restaurants/sandys-sandwiches-lakshamma-layout-ulsoor-bangalore-562010"
"425","Rolls N More","North Indian","3.2","100","Koramangala","5000","37","https://www.swiggy.com/restaurants/rolls-n-more-5th-block-Koramangala-bangalore-564068"
"426","Dawat Durbar","North Indian","3.3","100","Shivaji Nagar","1000","47","https://www.swiggy.com/restaurants/dawat-durbar-hkp-road-Shivaji Nagar-bangalore-553423"
"427","GULSHAN KA DHABA","Tibetan","3.1","75","Btm Layout","10000","50","https://www.swiggy.com/restaurants/gulshan-ka-dhaba-1st-stage-btm-layout-bangalore-381540"
"428","ITC Fabelle Chocolates","Desserts","3.4","300","Indiranagar","500","29","https://www.swiggy.com/restaurants/itc-fabelle-chocolates-1st-stage-Indiranagar-bangalore-605167"
"429","Manchurian Bites","North Indian","3.2","150","Btm Layout","15000","46","https://www.swiggy.com/restaurants/manchurian-bites-2nd-stage-btm-layout-bangalore-530679"
"430","Breakfast","Desserts","4.1","50","Shivaji Nagar","5000","30","https://www.swiggy.com/restaurants/breakfast-Shivaji Nagar-no-55-cockburn-road-central-bangalore-bangalore-318485"
"431","Fried Bowl","North Indian","4.2","125","Koramangala","10000","34","https://www.swiggy.com/restaurants/fried-bowl-6th-block-Koramangala-bangalore-492993"
"432","Sunny's Chicken Wingss!","American","3.2","200","Btm Layout","1000","43","https://www.swiggy.com/restaurants/sunnys-chicken-wingss-2nd-stage-btm-layout-bangalore-570388"
"433","Kathi Club","North Indian","2.9","50","Koramangala","15000","32","https://www.swiggy.com/restaurants/kathi-club-5th-block-Koramangala-bangalore-454002"
"434","Shalimaar family restaurant","North Indian","3.0","150","Shivaji Nagar","500","44","https://www.swiggy.com/restaurants/shalimaar-family-restaurant-sulthangunta-Shivaji Nagar-bangalore-619751"
"435","Laura Cakes And Desserts","Desserts","4.2","200","Koramangala","5000","42","https://www.swiggy.com/restaurants/laura-cakes-and-desserts-shastri-nagar-Koramangala-bangalore-509259"
"436","Joey's Sandwich Station","North Indian","3.6","200","Btm Layout","10000","39","https://www.swiggy.com/restaurants/joeys-sandwich-station-btm-bangalore-610446"
"437","The Wing Story","North Indian","2.3","100","Koramangala","500","33","https://www.swiggy.com/restaurants/the-wing-story-5th-block-Koramangala-bangalore-453980"
"438","Freshii al natural","Desserts","4.4","75","Btm Layout","15000","49","https://www.swiggy.com/restaurants/freshii-al-natural-2nd-stage-btm-layout-bangalore-185233"
"439","CupCake Noggins","Desserts","3.9","100","Domlur","10000","42","https://www.swiggy.com/restaurants/cupcake-noggins-domlur-layout-jp-nagar-bangalore-472857"
"440","The Aroma Fox","North Indian","3.4","125","Adugodi","5000","35","https://www.swiggy.com/restaurants/the-aroma-fox-btm-layout-adugodi-bangalore-527896"
"441","The Shake Stories","Desserts","3.0","125","Koramangala","1000","26","https://www.swiggy.com/restaurants/the-shake-stories-jyoti-nivas-college-rd-Koramangala-bangalore-668306"
"442","Miami Waffles &amp; Jawbreakers","Desserts","4.2","100","Dollars Colony","500","42","https://www.swiggy.com/restaurants/miami-waffles-and-jawbreakers-dollars-colony-new-bel-road-bangalore-641019"
"443","Skoosh Bubble Tea - No Tapioca","Desserts","3.7","150","Btm Layout","15000","40","https://www.swiggy.com/restaurants/skoosh-bubble-tea-no-tapioca-1st-stage-btm-layout-bangalore-415772"
"444","Great Pizzas","Italian","2.7","150","Kammanahalli","5000","29","https://www.swiggy.com/restaurants/great-pizzas-nehru-road-kammanahalli-kalyan-nagar-bangalore-363180"
"445","Chinese The Dhabha","Italian","3.9","175","Jp Nagar","10000","49","https://www.swiggy.com/restaurants/chinese-the-dhabha-anniya-reddy-layout-jp-nagar-bangalore-692387"
"446","Crispy Twist","North Indian","3.0","150","Btm Layout","1000","37","https://www.swiggy.com/restaurants/crispy-twist-m-cross-rd-btm-bangalore-694305"
"447","BIG BRO'S GRILL","American","3.3","125","Btm Layout","500","44","https://www.swiggy.com/restaurants/big-bros-grill-hal-old-airport-rd-domlur-bangalore-589398"
"448","BOWLSS OF BLISS","Desserts","3.7","75","Btm Layout","15000","37","https://www.swiggy.com/restaurants/bowlss-of-bliss-1st-stage-btm-layout-bangalore-322179"
"449","Papacream","Desserts","4.3","175","Koramangala","5000","37","https://www.swiggy.com/restaurants/papacream-5th-block-Koramangala-bangalore-440222"
"450","HOLY FRY","North Indian","2.8","100","Koramangala","1000","30","https://www.swiggy.com/restaurants/holy-fry-5th-block-Koramangala-bangalore-557833"
"451","Baba Ganoush","Arabian","4.4","150","Koramangala","10000","26","https://www.swiggy.com/restaurants/baba-ganoush-6th-block-Koramangala-bangalore-422128"
"452","Shahi Kitchens","Tibetan","3.7","150","Shivaji Nagar","500","28","https://www.swiggy.com/restaurants/shahi-kitchens-1st-block-shivaji-nagar-bangalore-354888"
"453","Sandwich N Burger","Desserts","3.0","100","Btm Layout","15000","49","https://www.swiggy.com/restaurants/sandwich-n-burger-1st-stage-btm-layout-bangalore-560152"
"454","Pancakes by Knight Bite","Arabian","3.7","100","Btm Layout","1000","43","https://www.swiggy.com/restaurants/pancakes-by-knight-bite-new-gurappana-palya-btm-layout-bangalore-423615"
"455","deli2go","North Indian","3.3","150","Vasanth Nagar","5000","30","https://www.swiggy.com/restaurants/deli2go-millars-road-vasanth-nagar-bangalore-337566"
"456","Continentalberg Sandwich","North Indian","3.5","125","Btm Layout","10000","25","https://www.swiggy.com/restaurants/Continentalberg-sandwich-n-s-palya-btm-layout-bangalore-478711"
"457","FOOD ENGINEER","Desserts","3.9","300","Btm Layout","500","42","https://www.swiggy.com/restaurants/food-engineer-1st-stage-btm-layout-bangalore-596064"
"458","New York Waffles &amp; Dinges","Desserts","3.6","150","Dollars Colony","15000","25","https://www.swiggy.com/restaurants/new-york-waffles-and-dinges-dollars-colony-new-bel-road-bangalore-520819"
"459","Wack Waffles &amp; Brownies","Desserts","3.6","125","Dollars Colony","1000","43","https://www.swiggy.com/restaurants/wack-waffles-and-brownies-dollars-colony-new-bel-road-bangalore-641021"
"460","Pulp Fiction","Desserts","4.1","100","Btm Layout","5000","27","https://www.swiggy.com/restaurants/pulp-fiction-2nd-stage-btm-layout-bangalore-649399"
"461","Punjabi Thali","North Indian","2.5","175","Btm Layout","10000","40","https://www.swiggy.com/restaurants/punjabi-thali-1st-stage-btm-layout-bangalore-470971"
"462","Pizzas and Pastas - By Chef Sunny","Continental","3.0","250","Btm Layout","500","41","https://www.swiggy.com/restaurants/pizzas-and-pastas-by-chef-sunny-2nd-stage-btm-layout-bangalore-530939"
"463","BK Cafe","Arabian","2.8","175","Indiranagar","15000","41","https://www.swiggy.com/restaurants/bk-cafe-cmh-road-Indiranagar-bangalore-652955"
"464","SRS kitchens","North Indian","3.1","100","Btm Layout","5000","32","https://www.swiggy.com/restaurants/srs-kitchens-btm-bangalore-462285"
"465","CRAZY WINGS","Arabian","3.5","150","Koramangala","1000","38","https://www.swiggy.com/restaurants/crazy-wings-5th-block-Koramangala-bangalore-564040"
"466","Malnad Donne Biryani","North Indian","3.4","175","Basaveshwara Nagar","10000","43","https://www.swiggy.com/restaurants/malnad-donne-biryani-jc-nagar-Basaveshwara Nagar-bangalore-697864"
"467","Ketoism","Desserts","2.9","150","Koramangala","500","30","https://www.swiggy.com/restaurants/ketoism-1st-block-Koramangala-bangalore-378288"
"468","Warm Begin","Desserts","3.2","75","Sanjay Nagar","15000","27","https://www.swiggy.com/restaurants/warm-begin-pipeline-rd-sanjay-nagar-new-bel-road-bangalore-688916"
"469","Biryani Master","North Indian","3.9","175","Btm Layout","5000","42","https://www.swiggy.com/restaurants/biryani-master-btm-bangalore-323186"
"470","punjab time","Asian","3.4","75","Btm Layout","10000","50","https://www.swiggy.com/restaurants/punjab-time-1st-stage-btm-layout-bangalore-381557"
"471","89 Express Dhaba","North Indian","3.5","445","Btm Layout","1000","29","https://www.swiggy.com/restaurants/89-express-dhaba-1st-stage-btm-layout-bangalore-218496"
"472","CHEEZY PIZZA","Italian","3.2","175","Kammanahalli","15000","34","https://www.swiggy.com/restaurants/cheezy-pizza-subbana-palya-kammanahalli-bangalore-348993"
"473","Manchurian Bites","North Indian","4.1","150","Btm Layout","500","29","https://www.swiggy.com/restaurants/manchurian-bites-2nd-stage-btm-layout-bangalore-530679"
"474","Ghar Wali Khana","North Indian","4.0","125","Btm Layout","5000","44","https://www.swiggy.com/restaurants/ghar-wali-khana-2nd-stage-btm-layout-bangalore-519477"
"475","Shapana dhaba","North Indian","3.4","75","Btm Layout","10000","42","https://www.swiggy.com/restaurants/shapana-dhaba-ews-layout-btm-layout-bangalore-203015"
"476","Punjabi Thali","Arabian","2.5","175","M.S.R Nagar","500","33","https://www.swiggy.com/restaurants/punjabi-thali-1st-stage-btm-layout-bangalore-470971"
"477","Pizzas and Pastas - By Chef Sunny","Continental","3.0","250","Btm Layout","15000","29","https://www.swiggy.com/restaurants/pizzas-and-pastas-by-chef-sunny-2nd-stage-btm-layout-bangalore-530939"
"478","limelight-Royal Orchid Hotel","Arabian","3.8","125","Rt Nagar","10000","47","https://www.swiggy.com/restaurants/limelight-royal-orchid-hotel-old-airport-road-bangalore-314879"
"479","Momo Bowl","Arabian","4.0","175","Rt Nagar","5000","35","https://www.swiggy.com/restaurants/momo-bowl-2nd-stage-btm-layout-bangalore-254048"
"480","Harshas kitchen","South Indian","2.7","75","Basaveshwara Nagar","1000","30","https://www.swiggy.com/restaurants/harshas-kitchen-kurubarahalli-basaveshwara-nagar-bangalore-576800"
"481","Touchings Adda","Arabian","3.1","200","Koramangala","500","36","https://www.swiggy.com/restaurants/touchings-adda-4th-block-Koramangala-bangalore-585893"
"482","China Toss","Arabian","3.2","150","Rt Nagar","15000","31","https://www.swiggy.com/restaurants/china-toss-deve-gowda-nagar-r-t-nagar-bangalore-692970"
"483","KimLing","American","3.3","150","Rt Nagar","5000","42","https://www.swiggy.com/restaurants/kimling-deve-gowda-nagar-r-t-nagar-bangalore-692972"
"484","Chang's Kitchen","American","3.5","150","Rt Nagar","10000","28","https://www.swiggy.com/restaurants/changs-kitchen-deve-gowda-nagar-r-t-nagar-bangalore-692968"
"485","Delhi Kulfi &amp; Faluda","Desserts","3.0","100","Koramangala","1000","40","https://www.swiggy.com/restaurants/delhi-kulfi-and-faluda-khb-colony-Koramangala-bangalore-662443"
"486","Rolls World","Continental","3.5","150","Koramangala","15000","32","https://www.swiggy.com/restaurants/rolls-world-jakksandra-ext-Koramangala-bangalore-698894"
"487","PastaCity.com","Continental","3.2","225","Koramangala","500","28","https://www.swiggy.com/restaurants/pastacity-com-6th-block-Koramangala-bangalore-466593"
"488","Kudo","Italian","3.7","300","Koramangala","5000","33","https://www.swiggy.com/restaurants/kudo-green-leaf-extension-Koramangala-bangalore-672012"
"489","Dr. Carrot","Desserts","3.1","200","Hoysala Nagar","10000","37","https://www.swiggy.com/restaurants/dr-carrot-6th-sector-hsr-layout-bangalore-630429"
"490","Mega Momo","American","4.0","100","Btm Layout","500","38","https://www.swiggy.com/restaurants/mega-momo-kuvempu-nagar-btm-layout-bangalore-615879"
"491","Flavours Of Punjab","American","3.0","75","Btm Layout","15000","50","https://www.swiggy.com/restaurants/flavours-of-punjab-2nd-stage-btm-layout-bangalore-575911"
"492","SWIRLYO","Desserts","3.5","125","Indiranagar","1000","27","https://www.swiggy.com/restaurants/swirlyo-ft-road-Indiranagar-bangalore-696010"
"493","BIRIYANI HOUSE","American","3.4","175","Btm Layout","5000","48","https://www.swiggy.com/restaurants/biriyani-house-2nd-stage-btm-layout-bangalore-281221"
"494","Rana vada pav","Desserts","3.7","50","Btm Layout","10000","44","https://www.swiggy.com/restaurants/rana-vada-pav-2nd-stage-btm-layout-bangalore-110588"
"495","New Chawla Chicken","American","3.3","200","Btm Layout","500","35","https://www.swiggy.com/restaurants/new-chawla-chicken-2nd-stage-btm-layout-bangalore-213595"
"496","Rajsthani pure veg Restaurent","American","2.0","150","Btm Layout","15000","37","https://www.swiggy.com/restaurants/rajsthani-pure-veg-restaurent-maruti-nagar-btm-layout-bangalore-595530"
"497","Lord house burger","American","4.2","150","Btm Layout","5000","30","https://www.swiggy.com/restaurants/lord-house-burger-ns-palya-btm-layout-bangalore-619810"
"498","Flavours Of Punjab","North Indian","3.4","75","Btm Layout","1000","37","https://www.swiggy.com/restaurants/flavours-of-punjab-2nd-stage-btm-layout-bangalore-575911"
"499","Raw food &amp; juContinental junction","Italian","4.4","150","Btm Layout","10000","40","https://www.swiggy.com/restaurants/raw-food-and-juContinental-junction-2nd-stage-btm-layout-bangalore-289641"
"500","Continentalberg Sandwich","American","3.5","125","Btm Layout","500","40","https://www.swiggy.com/restaurants/Continentalberg-sandwich-n-s-palya-btm-layout-bangalore-478711"
"501","Weedustan Cafe","American","3.9","125","Btm Layout","15000","45","https://www.swiggy.com/restaurants/weedustan-cafe-thayppa-garden-btm-layout-bangalore-588392"
"502","Rich Sandwich","American","3.3","150","Btm Layout","1000","34","https://www.swiggy.com/restaurants/rich-sandwich-2nd-stage-btm-layout-bangalore-407962"
"503","Bihari Babu","Asian","2.8","125","Btm Layout","5000","32","https://www.swiggy.com/restaurants/bihari-babu-1st-stage-btm-layout-bangalore-316096"
"504","Nomad - Vegetarian and Plant based Pizza Series","Italian","4.6","100","Indiranagar","10000","34","https://www.swiggy.com/restaurants/nomad-vegetarian-and-plant-based-pizza-series-cmh-road-Indiranagar-bangalore-640349"
"505","BRAINFREEZE SHAKES","Desserts","3.9","100","Koramangala","500","39","https://www.swiggy.com/restaurants/brainfreeze-shakes-5th-block-Koramangala-bangalore-564028"
"506","BOMBAY SANDWICH CO","American","3.2","100","Koramangala","15000","41","https://www.swiggy.com/restaurants/bombay-sandwich-co-5th-block-Koramangala-bangalore-564026"
"507","The Pizza Joint","Continental","3.8","150","Koramangala","5000","34","https://www.swiggy.com/restaurants/the-pizza-joint-80-feet-main-road-Koramangala-bangalore-670634"
"508","BREAD AND KNIVES","American","3.2","100","Koramangala","1000","46","https://www.swiggy.com/restaurants/bread-and-knives-5th-block-Koramangala-bangalore-564031"
"509","Wing Stop","American","3.4","100","Koramangala","10000","43","https://www.swiggy.com/restaurants/wing-stop-5th-block-Koramangala-bangalore-564033"
"510","Indian Masala House	","North Indian","3.2","150","Koramangala","15000","35","https://www.swiggy.com/restaurants/indian-masala-house-80-feet-main-road-Koramangala-bangalore-670688"
"511","Biryani Hub","North Indian","3.3","200","Rt Nagar","500","31","https://www.swiggy.com/restaurants/biryani-hub-benson-town-rt-nagar-bangalore-611631"
"512","Popcorn Me","American","3.1","100","Btm Layout","5000","50","https://www.swiggy.com/restaurants/popcorn-me-keb-colony-btm-layout-bangalore-635211"
"513","signature cafe","Continental","4.0","75","Basaveshwara Nagar","10000","38","https://www.swiggy.com/restaurants/signature-cafe-shivanagar-basaveshwar-nagar-bangalore-620320"
"514","Rich Sandwich","American","3.9","150","Btm Layout","500","47","https://www.swiggy.com/restaurants/rich-sandwich-2nd-stage-btm-layout-bangalore-407962"
"515","Munchous Cafe","American","3.8","150","Btm Layout","15000","29","https://www.swiggy.com/restaurants/munchous-cafe-1st-stage-btm-layout-bangalore-417929"
"516","Panda Momos","Asian","3.8","100","Dollars Colony","1000","33","https://www.swiggy.com/restaurants/panda-momos-dollars-colony-new-bel-road-bangalore-520806"
